"Rk,Player,Att 3rd,Att Pen,Succ,Att,Succ%,#Pl,Megs,PrgDist,Prog,1/3,CPA,Mis,Dis"
"1,Patrick van Aanholt\5f09991f,344,38,9,21,42.9,9,0,1907,114,30,9,13,16"
"2,Tammy Abraham\f586779e,166,66,6,19,31.6,6,2,252,13,5,4,26,13"
"3,Che Adams\f2bf1b0f,492,110,25,44,56.8,28,0,1169,67,27,10,74,52"
"4,Tosin Adarabioyo\c81d773d,73,34,8,11,72.7,9,0,3455,50,6,0,5,8"
"5,Adrián\f76e6b4e,0,0,0,0,,0,0,74,0,0,0,0,0"
"6,Sergio Agüero\4d034881,143,50,9,15,60.0,10,2,326,22,7,2,11,13"
"7,Ola Aina\246d153b,355,21,21,34,61.8,22,2,3336,114,35,5,20,15"
"8,Rayan Aït Nouri\9b398aea,322,29,37,61,60.7,38,2,2044,98,31,14,22,21"
"9,Semi Ajayi\d6192210,81,36,12,18,66.7,13,1,1761,29,10,0,11,13"
"10,Nathan Aké\eaeca114,83,5,0,0,,0,0,1847,70,27,0,3,2"
"11,Marc Albrighton\b827d5b3,504,44,30,60,50.0,32,3,1847,88,24,8,22,39"
"12,Thiago Alcántara\77e84962,460,18,28,42,66.7,30,1,3222,154,58,4,15,18"
"13,Toby Alderweireld\f7d50789,40,14,3,3,100.0,3,0,2473,49,5,0,2,2"
"14,Rúnar Alex Rúnarsson\8fa8f8d2,0,0,0,0,,0,0,30,0,0,0,0,0"
"15,Trent Alexander-Arnold\cd1acf9d,1206,86,38,67,56.7,41,4,5262,216,72,25,17,21"
"16,Ezgjan Alioski\1a7fcf39,548,46,15,25,60.0,16,7,3788,139,53,4,24,21"
"17,Alisson\7a2e46a8,1,1,3,3,100.0,3,0,1274,0,0,0,0,0"
"18,Allan\cc700722,151,3,28,43,65.1,29,1,2935,96,32,2,14,22"
"19,Dele Alli\cea4ee8f,143,23,10,22,45.5,12,3,732,33,16,4,9,18"
"20,Miguel Almirón\862a1c15,498,51,36,64,56.3,37,3,3272,126,57,11,41,43"
"21,Marcos Alonso\f4290206,270,46,7,14,50.0,7,0,1275,63,19,9,4,14"
"22,Steven Alzate\ad1f61f3,167,16,8,13,61.5,9,0,1030,49,14,4,11,14"
"23,Daniel Amartey\1a4ef233,38,7,1,5,20.0,1,0,732,13,5,0,4,3"
"24,Ethan Ampadu\10b9fa99,224,9,9,13,69.2,10,0,2737,98,35,0,14,7"
"25,Joachim Andersen\e34fc66d,94,22,7,7,100.0,7,0,4263,69,12,0,6,6"
"26,Elliot Anderson\de31038e,1,1,0,0,,0,0,1,0,0,0,0,0"
"27,Felipe Anderson\9f1893b9,3,1,0,0,,0,0,50,2,1,0,0,0"
"28,Michail Antonio\ac05f970,480,130,47,81,58.0,53,2,1848,107,33,27,77,57"
"29,Alphonse Areola\2f965a72,0,0,0,0,,0,0,998,0,0,0,1,0"
"30,Stuart Armstrong\97333cf5,577,66,56,98,57.1,59,1,4290,187,75,11,53,70"
"31,Kepa Arrizabalaga\28d596a0,0,0,0,0,,0,0,303,0,0,0,2,0"
"32,Pierre-Emerick Aubameyang\d5dd5f1f,471,126,12,28,42.9,13,0,2072,106,35,28,32,19"
"33,Serge Aurier\5c2b4f07,281,24,18,35,51.4,19,0,1214,57,16,3,13,20"
"34,Charlie Austin\8d228291,28,3,2,4,50.0,2,0,67,2,0,1,6,4"
"35,Jordan Ayew\da052c14,420,63,45,86,52.3,50,3,2270,82,39,14,58,79"
"36,Luke Ayling\420d7c7d,550,70,38,61,62.3,39,6,8246,232,73,8,35,26"
"37,César Azpilicueta\53cad200,465,38,5,10,50.0,5,0,3612,114,37,1,8,13"
"38,Eric Bailly\a1232f4e,13,4,5,6,83.3,5,0,1381,34,2,0,2,1"
"39,Fabián Balbuena\3626f7d9,24,10,2,3,66.7,2,0,696,13,3,0,2,0"
"40,George Baldock\394854c4,627,49,23,47,48.9,25,0,2791,129,48,11,23,22"
"41,Gareth Bale\a58bb1e1,244,46,29,50,58.0,30,2,1132,63,17,11,20,11"
"42,Patrick Bamford\93feac6e,408,183,17,39,43.6,22,4,902,56,17,19,82,38"
"43,Phil Bardsley\1ae30132,43,2,2,2,100.0,2,1,190,11,3,0,1,2"
"44,Ross Barkley\3a24769f,444,66,34,47,72.3,35,0,1818,81,28,11,34,38"
"45,Ross Barkley\3a24769f,8,1,4,5,80.0,4,0,84,3,1,0,1,0"
"46,Ashley Barnes\2691c772,253,69,2,6,33.3,3,0,424,26,9,4,51,25"
"47,Harvey Barnes\3ea50f67,516,109,28,69,40.6,28,1,3579,178,83,38,53,53"
"48,Kyle Bartley\18e96f64,74,40,3,4,75.0,3,0,1039,19,5,0,9,5"
"49,Chris Basham\1aa84968,317,44,19,28,67.9,22,1,3206,106,29,2,14,26"
"50,Michy Batshuayi\2973d8ff,107,27,12,17,70.6,12,1,489,19,9,3,16,29"
"51,Jan Bednarek\4115ce4e,56,17,2,4,50.0,2,0,3596,78,8,0,5,4"
"52,Donny van de Beek\50dc94ce,120,28,9,13,69.2,9,0,362,19,7,0,8,8"
"53,Héctor Bellerín\f874dd44,502,50,16,31,51.6,18,3,2763,115,33,13,16,9"
"54,Saïd Benrahma\5a04fd92,371,61,48,83,57.8,54,7,2120,124,32,15,32,43"
"55,Josh Benson\bf3aeb61,45,3,5,8,62.5,5,1,116,5,3,0,3,6"
"56,Christian Benteke\ab070c55,360,127,16,29,55.2,17,0,594,41,10,10,60,27"
"57,Gaetano Berardi\5348aada,4,1,0,0,,0,0,71,1,0,0,0,0"
"58,Jóhann Berg Guðmundsson\f72293fc,271,31,6,21,28.6,8,1,1238,73,22,6,12,16"
"59,Sander Berge\d0b6129f,222,36,19,30,63.3,20,3,1682,66,24,9,24,18"
"60,Steven Bergwijn\a29b1131,275,42,21,41,51.2,23,0,1283,63,24,9,29,23"
"61,Bernard\ab4b3e35,154,16,10,17,58.8,10,3,680,35,9,2,10,12"
"62,Bernardo\17370b95,54,5,0,2,0.0,0,0,118,4,1,0,2,5"
"63,Ryan Bertrand\01226327,549,47,5,7,71.4,5,0,2498,116,38,11,21,12"
"64,Yves Bissouma\6c203af0,458,14,50,76,65.8,53,3,4093,157,62,2,31,31"
"65,Jayden Bogle\ae5019e6,249,37,17,38,44.7,20,1,592,27,6,1,17,23"
"66,Willy Boly\a4ac4b8f,45,19,5,5,100.0,5,0,1274,35,7,0,3,6"
"67,Jarrod Bowen\79c84d1c,579,120,40,64,62.5,40,3,2363,113,28,37,51,66"
"68,Robbie Brady\96bb8cc2,206,23,15,21,71.4,17,2,874,48,12,5,16,11"
"69,Rhian Brewster\30e81a88,204,33,9,17,52.9,9,0,390,21,8,3,22,16"
"70,Nathan Broadhead\43309491,0,0,0,0,,0,0,0,0,0,0,0,0"
"71,Josh Brownhill\47369df8,465,65,14,19,73.7,15,0,1315,64,22,7,22,14"
"72,Joe Bryan\af69e7f0,170,10,9,9,100.0,9,0,872,46,16,0,11,5"
"73,Kean Bryan\c684d3c9,66,7,3,5,60.0,3,0,728,11,8,0,4,5"
"74,Oliver Burke\f631c17f,240,67,18,26,69.2,18,3,688,42,6,20,44,31"
"75,Dan Burn\b2d31e83,378,43,17,22,77.3,18,0,2392,78,25,2,23,14"
"76,Jack Butland\cc70a1d5,0,0,0,0,,0,0,42,0,0,0,0,0"
"77,David Button\e608ed4c,0,0,0,0,,0,0,45,0,0,0,0,0"
"78,Oskar Buur\aa6f2f2c,0,0,0,0,,0,0,17,1,0,0,0,1"
"79,Willy Caballero\a179d516,0,0,0,0,,0,0,20,0,0,0,0,0"
"80,Gary Cahill\7914b9fe,38,26,1,2,50.0,1,0,1059,24,1,0,3,2"
"81,Tom Cairney\a8748947,252,13,12,18,66.7,12,0,1269,58,23,1,11,7"
"82,Dominic Calvert-Lewin\59e6e5bf,545,156,20,46,43.5,22,3,1148,63,22,19,113,50"
"83,João Cancelo\bd6351cd,849,80,50,87,57.5,54,10,4240,218,73,22,25,30"
"84,Ian Carlo Poveda\55b4f1d6,112,22,13,22,59.1,14,3,683,33,6,7,12,17"
"85,Andy Carroll\b581987a,79,25,2,6,33.3,4,0,130,3,1,1,13,6"
"86,Scott Carson\3e1550ee,0,0,0,0,,0,0,14,0,0,0,0,0"
"87,Fabio Carvalho\966e28d0,66,18,6,12,50.0,7,1,216,15,1,4,6,9"
"88,Matty Cash\2389cdc2,371,29,10,16,62.5,10,0,2290,87,37,7,16,15"
"89,Kiko Casilla\58bc7d18,0,0,0,0,,0,0,76,0,0,0,0,0"
"90,Timothy Castagne\197640fd,482,39,15,30,50.0,15,0,2606,130,35,1,23,15"
"91,Jonny Castro\e28868f3,92,6,4,8,50.0,4,0,552,27,9,2,4,13"
"92,Ivan Cavaleiro\979b811d,620,92,52,89,58.4,54,0,2465,135,38,23,92,61"
"93,Edinson Cavani\527f063d,238,81,6,15,40.0,7,0,207,12,3,1,28,8"
"94,Dani Ceballos\c0617e2b,371,29,26,36,72.2,26,4,3720,165,48,2,13,21"
"95,Calum Chambers\dc6f5bdd,191,23,3,8,37.5,3,2,963,33,15,1,6,5"
"96,Ben Chilwell\d2424d1b,779,77,18,33,54.5,21,1,4207,177,61,11,27,26"
"97,Hamza Choudhury\7d2d3329,28,1,0,1,0.0,0,1,309,9,1,0,3,2"
"98,Andreas Christensen\1cb49278,34,7,1,2,50.0,2,0,2385,54,10,0,2,3"
"99,Carney Chukwuemeka\b2f9c73e,6,2,0,0,,0,0,16,1,0,0,1,0"
"100,Ciaran Clark\2b91cf8e,58,18,6,9,66.7,6,0,1134,25,3,0,7,1"
"101,Nathaniel Clyne\0442183b,147,6,3,5,60.0,3,0,776,37,12,0,3,5"
"102,Conor Coady\2928dca2,17,12,7,9,77.8,7,1,2639,29,2,0,2,3"
"103,Séamus Coleman\0420d84f,257,30,20,39,51.3,21,1,1731,70,19,5,17,30"
"104,Aaron Connolly\27c01749,116,38,8,10,80.0,8,0,387,17,8,4,29,15"
"105,Liam Cooper\dc64b8b3,52,21,3,3,100.0,3,0,3447,57,9,0,5,6"
"106,Theo Corbeanu\25b82f9a,1,0,0,0,,0,0,7,1,0,0,2,1"
"107,Jack Cork\74e12f1e,158,13,3,7,42.9,5,0,710,33,11,2,9,14"
"108,Hélder Costa\f13d02a6,228,46,19,41,46.3,21,2,1213,56,13,11,27,32"
"109,Vladimír Coufal\fdf3cb77,640,47,18,27,66.7,18,1,2418,108,31,8,20,18"
"110,Aaron Cresswell\4f974391,594,18,6,15,40.0,8,2,2617,97,40,3,7,9"
"111,Patrick Cutrone\a4fe8cda,5,1,0,0,,0,0,7,1,1,0,0,0"
"112,Stuart Dallas\67ca8566,702,65,22,37,59.5,25,0,4952,184,73,15,37,42"
"113,Scott Dann\52105203,25,15,5,5,100.0,5,0,799,15,1,0,3,0"
"114,Karl Darlow\cde3309f,1,1,0,0,,0,0,867,0,0,0,1,0"
"115,Ben Davies\44781702,208,15,5,9,55.6,7,0,1391,54,18,4,3,5"
"116,Tom Davies\9228b07c,110,5,16,22,72.7,18,0,1348,52,12,2,14,15"
"117,Keinan Davis\9deaf2c8,73,30,7,11,63.6,8,0,230,11,3,2,11,7"
"118,Leif Davis\8574c61f,3,0,1,1,100.0,1,0,62,1,2,0,0,0"
"119,Craig Dawson\3e9e06cb,38,22,0,0,,0,0,1203,21,5,0,5,0"
"120,Kevin De Bruyne\e46012d4,916,108,40,69,58.0,45,2,4210,213,82,31,35,34"
"121,Liam Delap\dd897ee7,3,1,0,0,,0,0,0,0,0,0,2,1"
"122,Fabian Delph\111c3236,45,0,8,12,66.7,8,0,452,17,5,0,2,2"
"123,Leander Dendoncker\5a7301ae,243,59,11,16,68.8,11,1,1886,62,13,2,19,9"
"124,Mbaye Diagne\dda3969e,154,48,13,16,81.3,13,0,227,10,3,3,24,26"
"125,Amad Diallo\9dc96f10,32,4,3,9,33.3,3,0,182,7,5,0,4,6"
"126,Ibrahima Diallo\11ff3d56,123,10,11,17,64.7,13,1,1065,45,19,0,10,21"
"127,Grady Diangana\f522d7ec,263,32,24,50,48.0,25,2,1351,69,21,7,34,41"
"128,Raphael Dias Belloli\3423f250,687,135,61,118,51.7,66,5,3115,162,40,31,72,36"
"129,Rúben Dias\31c69ef1,71,28,3,6,50.0,3,0,8057,230,17,0,7,5"
"130,Eric Dier\ac861941,60,21,3,5,60.0,4,0,3828,66,11,2,4,2"
"131,Lucas Digne\1b84dbe1,694,39,14,23,60.9,15,1,2509,100,37,4,25,32"
"132,Virgil van Dijk\e06683ca,9,5,0,0,,0,0,413,13,0,0,1,0"
"133,Issa Diop\a712ca2b,11,7,5,5,100.0,5,0,1007,23,2,0,3,3"
"134,Moussa Djenepo\254147d4,233,45,35,65,53.8,41,2,995,62,16,11,39,23"
"135,Matt Doherty\d557d734,264,22,7,16,43.8,8,0,1313,66,21,1,13,12"
"136,Gabriel Dos Santos\67ac5bb8,59,25,4,9,44.4,5,0,4366,111,6,2,3,4"
"137,Abdoulaye Doucouré\02b29014,348,39,17,28,60.7,18,2,2440,81,33,1,30,30"
"138,Martin Dúbravka\3a949a25,0,0,0,0,,0,0,547,0,0,0,1,1"
"139,Paul Dummett\3fe6bd8c,80,7,2,3,66.7,2,0,699,13,4,0,5,1"
"140,Lewis Dunk\282f75f3,117,46,5,6,83.3,6,0,4228,88,21,0,6,2"
"141,Jimmy Dunne\1fdfd6da,21,15,1,2,50.0,1,0,49,0,0,0,2,0"
"142,Ederson\3bb7b8b4,0,0,0,0,,0,0,1936,0,0,0,1,0"
"143,Kyle Edwards\1566e437,20,6,1,4,25.0,1,0,175,10,1,2,2,2"
"144,John Egan\debe38a0,53,26,2,2,100.0,2,0,3070,70,7,0,4,1"
"145,Anthony Elanga\2fba6108,42,6,4,7,57.1,5,0,102,6,1,1,11,4"
"146,Ahmed Elmohamady\615ef733,213,14,4,5,80.0,4,0,837,44,15,2,2,7"
"147,Mohamed Elneny\47a34c4f,150,5,7,9,77.8,7,1,1981,70,17,0,5,7"
"148,Jonny Evans\f8fcd2a5,54,18,6,6,100.0,6,0,3264,53,6,0,5,6"
"149,Eberechi Eze\ae4fc6a4,610,52,69,108,63.9,73,4,3974,188,63,18,42,54"
"150,?ukasz Fabia?ski\9328b835,0,0,0,0,,0,0,1535,0,0,0,0,0"
"151,Fabinho\7f3b388c,176,13,5,9,55.6,6,0,4215,156,26,2,8,13"
"152,Bruno Fernandes\507c7bdf,1339,132,26,56,46.4,30,2,4259,234,73,13,47,40"
"153,Federico Fernández\f25b010f,90,13,0,0,,0,0,914,10,4,0,3,4"
"154,Fernandinho\101da2b5,181,12,10,15,66.7,13,0,2437,135,42,5,4,6"
"155,Sam Field\bd8a7d05,2,0,1,2,50.0,2,0,19,1,1,0,0,1"
"156,Roberto Firmino\4c370d81,859,217,50,73,68.5,53,5,2817,168,38,32,59,53"
"157,John Fleck\b63e789d,552,31,36,54,66.7,38,4,2679,129,50,5,21,35"
"158,Phil Foden\ed1e53f3,653,144,43,71,60.6,48,4,2237,137,33,37,39,29"
"159,Wesley Fofana\132a82f1,108,18,13,17,76.5,13,0,5208,171,38,0,17,12"
"160,Pablo Fornals\82927de4,551,74,21,51,41.2,24,3,2622,127,46,13,29,33"
"161,Fraser Forster\c3e39f12,0,0,0,0,,0,0,325,0,0,0,0,0"
"162,Timothy Fosu-Mensah\a9142dc3,37,4,0,0,,0,0,157,7,4,1,1,2"
"163,Tyrese Francois\6722d4f0,4,0,0,1,0.0,0,0,27,0,0,0,0,0"
"164,Ryan Fraser\d56543a0,272,26,4,7,57.1,5,1,750,46,7,5,14,8"
"165,Fred\b853e0ad,454,17,24,32,75.0,29,1,3168,116,40,2,25,34"
"166,Ryan Fredericks\c067631c,128,11,2,6,33.3,3,0,587,27,9,2,1,0"
"167,Christian Fuchs\a67a09fb,87,2,0,2,0.0,0,0,696,27,8,0,2,1"
"168,Darnell Furlong\3ec9195b,488,58,12,27,44.4,15,0,1543,64,31,2,33,15"
"169,Conor Gallagher\c2731c10,418,44,37,59,62.7,39,2,1942,80,26,9,42,45"
"170,Eric García\2bed3eab,15,1,0,0,,0,0,1056,45,7,0,1,0"
"171,Dwight Gayle\e58a03c6,80,26,1,3,33.3,1,0,148,6,3,1,8,3"
"172,Jean-Philippe Gbamin\6bd603db,7,0,0,1,0.0,0,0,12,2,1,0,0,1"
"173,David de Gea\7ba6d84e,0,0,0,0,,0,0,427,0,0,0,0,0"
"174,Anwar El Ghazi\ffa90327,521,84,28,49,57.1,28,2,1813,107,32,16,39,41"
"175,Kieran Gibbs\46ee5234,78,3,2,3,66.7,2,0,553,23,5,0,5,3"
"176,Morgan Gibbs-White\32f60ed8,132,9,7,13,53.8,7,1,589,38,15,2,15,6"
"177,Billy Gilmour\df10e27c,55,0,1,3,33.3,1,1,245,12,4,0,0,3"
"178,Olivier Giroud\16ceb862,137,47,3,5,60.0,3,0,72,3,1,0,15,9"
"179,Ben Godfrey\9f7c837d,146,21,8,14,57.1,9,0,3460,80,28,3,17,15"
"180,André Gomes\1961b2aa,253,16,26,41,63.4,28,1,1874,87,25,3,17,35"
"181,Joe Gomez\7a11550b,6,0,4,4,100.0,4,0,1072,28,0,0,1,6"
"182,Anthony Gordon\2bd83368,18,3,3,7,42.9,3,0,116,4,0,1,3,4"
"183,Karlan Grant\87f7500e,180,43,12,21,57.1,14,1,446,28,8,9,31,20"
"184,Demarai Gray\4468ec10,11,1,0,0,,0,0,28,2,0,0,1,1"
"185,Jack Grealish\b0b4fd3e,817,177,61,93,65.6,64,0,5758,306,91,80,46,47"
"186,Mason Greenwood\58eee997,528,113,38,73,52.1,45,2,2284,135,26,35,29,37"
"187,Pascal Groß\8aec0537,771,74,11,20,55.0,11,0,2610,139,56,8,30,22"
"188,Kamil Grosicki\81d8091f,35,4,1,1,100.0,1,0,168,13,0,2,2,2"
"189,Vicente Guaita\ab13a5aa,0,0,0,0,,0,0,1319,0,0,0,0,0"
"190,?lkay Gündo?an\819b3158,728,92,29,42,69.0,32,1,3676,175,65,15,21,14"
"191,Antwoine Hackford\a7588cdc,1,1,0,0,,0,0,0,0,0,0,0,0"
"192,Sébastien Haller\ba115a40,177,54,8,14,57.1,9,1,187,8,4,0,34,19"
"193,Rekeem Harper\3c066877,6,0,1,1,100.0,1,0,18,1,1,0,1,0"
"194,Jack Harrison\aa849a12,800,119,46,78,59.0,49,3,3767,202,48,31,75,67"
"195,Kortney Hause\bf8fad51,14,11,0,1,0.0,0,0,377,7,1,0,2,0"
"196,Kai Havertz\fed7cb61,441,91,22,46,47.8,24,3,1703,84,45,16,45,38"
"197,Isaac Hayden\c951a6df,193,13,10,18,55.6,11,0,758,25,14,2,15,17"
"198,Michael Hector\5f1a2f31,5,1,2,2,100.0,2,0,447,9,1,0,1,0"
"199,Ahmed Hegazi\5540c9dc,0,0,0,0,,0,0,62,0,0,0,1,0"
"200,Dean Henderson\e5a76dfe,0,0,0,0,,0,0,392,0,0,0,0,0"
"201,Jordan Henderson\935e6b8f,278,15,7,13,53.8,7,1,4457,150,44,1,7,3"
"202,Jeff Hendrick\989d5705,144,17,10,18,55.6,11,0,654,22,9,2,9,15"
"203,Pablo Hernández\c0398aca,164,21,9,12,75.0,9,0,1166,66,23,6,4,2"
"204,Son Heung-min\92e7e919,813,143,38,61,62.3,38,5,2941,161,51,33,50,64"
"205,Ki-Jana Hoever\9a71e978,134,11,9,18,50.0,11,0,940,46,16,2,7,8"
"206,Rob Holding\d79a8c87,75,20,9,12,75.0,9,1,4317,105,8,0,3,8"
"207,Mason Holgate\d0042ab9,164,8,7,11,63.6,8,0,2473,49,8,1,11,9"
"208,Conor Hourihane\fcab00a0,85,5,0,0,,0,0,82,4,0,0,1,0"
"209,Callum Hudson-Odoi\15f3ec41,485,71,15,28,53.6,15,1,2593,161,33,34,13,15"
"210,Niall Huggins\6d646ff7,6,1,0,0,,0,0,30,3,1,1,0,0"
"211,Pierre Højbjerg\8b04d6c1,356,25,25,38,65.8,26,2,4334,147,26,5,28,30"
"212,Odion Ighalo\03622183,4,2,0,0,,0,0,0,0,0,0,1,3"
"213,Kelechi Iheanacho\c92e1a31,418,81,29,49,59.2,33,2,1154,57,25,8,57,35"
"214,Danny Ings\07802f7f,405,122,37,64,57.8,39,5,1033,59,23,14,58,33"
"215,Branislav Ivanovi?\85f8571a,11,6,0,0,,0,0,401,4,1,0,1,1"
"216,Alex Iwobi\6ca5ec4b,363,46,46,71,64.8,47,7,2997,148,43,14,27,28"
"217,José Izquierdo\ca2bc3df,11,1,0,1,0.0,0,0,65,3,1,0,1,0"
"218,Phil Jagielka\3233eefd,8,1,0,0,,0,0,152,4,1,0,0,0"
"219,Alireza Jahanbakhsh\08452314,207,37,15,18,83.3,15,1,767,42,15,9,12,7"
"220,Daniel James\c931d9f9,233,43,9,18,50.0,11,0,1176,61,17,11,18,21"
"221,Reece James\1265a93a,824,62,40,53,75.5,42,1,3378,178,49,25,13,27"
"222,Alexandre Jankewitz\7c39363f,2,0,0,0,,0,0,0,0,0,0,1,0"
"223,Daniel Jebbison\03edb878,35,5,2,3,66.7,2,0,53,3,0,1,9,7"
"224,Gabriel Jesus\b66315ae,601,151,45,76,59.2,46,4,1960,118,28,25,45,50"
"225,Raúl Jiménez\b561db50,164,41,11,23,47.8,14,0,724,43,13,6,21,19"
"226,Joelinton\c17bfb65,371,85,39,69,56.5,41,5,1427,81,21,16,72,51"
"227,Ben Johnson\9319781b,96,4,6,9,66.7,7,0,620,29,8,1,3,8"
"228,Sam Johnstone\9e5708be,0,0,0,0,,0,0,1977,0,0,0,0,0"
"229,Curtis Jones\4fb9c88f,409,30,15,29,51.7,17,0,2420,131,44,9,14,27"
"230,Jorginho\45db685d,303,18,18,25,72.0,20,0,2889,102,28,2,11,18"
"231,Willian José\d87e2cae,155,38,9,11,81.8,9,1,319,13,11,0,24,15"
"232,Diogo Jota\178ae8f8,352,96,26,46,56.5,29,3,1734,87,28,20,30,27"
"233,James Justin\fb614c44,490,43,20,34,58.8,21,1,2450,113,46,4,24,25"
"234,Ozan Kabak\2d61d13a,11,5,5,8,62.5,5,0,999,24,1,0,0,2"
"235,Aboubakar Kamara\4047c976,93,5,4,8,50.0,4,1,334,19,6,0,13,9"
"236,Harry Kane\21a66f6a,616,166,46,79,58.2,47,8,2537,150,53,26,61,71"
"237,N'Golo Kanté\b9fbae28,372,17,29,38,76.3,29,1,2999,112,38,4,26,27"
"238,Moise Kean\3d50bcdb,8,4,0,3,0.0,0,0,56,2,1,1,1,0"
"239,Michael Keane\c5b7c315,64,36,4,8,50.0,5,0,4400,85,7,1,3,8"
"240,Neeskens Kebano\18b999f4,43,4,3,6,50.0,3,0,151,7,3,1,4,4"
"241,Naby Keïta\f25c8e3a,132,18,12,15,80.0,13,0,837,50,17,2,10,12"
"242,Caoimhín Kelleher\62d7ef38,0,0,0,0,,0,0,27,0,0,0,0,0"
"243,Martin Kelly\d7492450,0,0,0,0,,0,0,0,0,0,0,0,0"
"244,Jonjoe Kenny\099e666f,36,4,0,1,0.0,0,0,63,2,1,0,1,0"
"245,Reda Khadra\88acf83f,1,1,0,0,,0,0,36,1,0,1,0,0"
"246,Max Kilman\d0f72bf1,39,10,3,4,75.0,3,0,1569,36,7,0,3,3"
"247,Joshua King\43458538,42,6,5,9,55.6,6,0,240,14,5,1,5,11"
"248,Mateusz Klich\282679b4,685,73,13,24,54.2,16,3,2941,145,65,4,30,27"
"249,Robin Koch\ea6bc03a,51,11,2,2,100.0,2,0,1986,35,7,0,1,5"
"250,Sead Kolašinac\3935e52e,18,1,0,0,,0,0,113,5,1,0,1,0"
"251,Terence Kongolo\1f9a3a04,2,1,0,0,,0,0,32,1,0,0,0,0"
"252,Ezri Konsa\0313a347,76,31,6,10,60.0,6,0,1382,22,3,0,5,5"
"253,Cheikhou Kouyaté\8d3c902d,71,28,6,9,66.7,6,0,1592,28,3,0,4,11"
"254,Mateo Kova?i?\79c0821a,417,17,44,54,81.5,44,1,4242,193,58,4,20,30"
"255,Emil Krafth\77cf6852,136,9,2,6,33.3,3,0,821,37,11,2,2,4"
"256,Filip Krovinovi?\c2dfedeb,119,5,8,9,88.9,8,0,923,44,13,2,7,8"
"257,Alexandre Lacazette\9dbb75ca,350,102,20,33,60.6,22,1,665,37,10,6,33,32"
"258,Adam Lallana\99813635,382,70,15,24,62.5,15,0,1916,81,21,12,18,17"
"259,Érik Lamela\abe66106,203,26,17,25,68.0,17,0,1227,73,28,2,12,20"
"260,Tariq Lamptey\f4e433d4,249,33,17,34,50.0,18,2,1683,85,31,13,16,15"
"261,Manuel Lanzini\26f6dca8,152,16,8,12,66.7,8,0,839,32,14,1,7,13"
"262,Aymeric Laporte\119b9a8e,69,9,3,3,100.0,3,0,4084,140,21,0,3,2"
"263,Jamaal Lascelles\450ab6fc,36,17,2,3,66.7,2,0,687,14,0,0,2,1"
"264,Maxime Le Marchand\321a71a7,4,0,0,0,,0,0,147,2,1,0,0,0"
"265,Mario Lemina\2b471f99,187,11,28,39,71.8,30,3,2114,85,18,1,17,25"
"266,Bernd Leno\2628fd2b,1,1,0,0,,0,0,1298,0,0,0,0,0"
"267,Khanya Leshabela\383e68b1,3,0,0,0,,0,0,65,2,1,0,0,0"
"268,Jamal Lewis\efb9215a,241,9,14,27,51.9,14,1,1372,43,18,1,6,16"
"269,Victor Lindelöf\f5deef4c,89,10,2,4,50.0,2,0,5041,113,24,0,2,6"
"270,Jesse Lingard\810e3c74,427,51,21,49,42.9,23,3,2523,120,49,16,30,29"
"271,Jake Livermore\b98570d1,69,8,2,6,33.3,2,0,404,15,4,0,6,8"
"272,Diego Llorente\bba30585,20,9,5,5,100.0,5,0,2231,32,2,0,2,7"
"273,Hugo Lloris\8f62b6ee,0,0,1,1,100.0,1,0,1070,0,0,0,0,0"
"274,Giovani Lo Celso\d7553721,251,25,14,19,73.7,14,2,1456,59,23,6,11,25"
"275,Ruben Loftus-Cheek\e97fd090,5,0,0,4,0.0,0,1,46,1,1,0,2,1"
"276,Ruben Loftus-Cheek\e97fd090,370,75,47,76,61.8,51,3,2666,109,38,13,57,40"
"277,Kevin Long\5a4280b1,10,7,0,0,,0,0,161,1,0,0,1,0"
"278,Shane Long\9f472354,41,7,3,6,50.0,3,0,33,3,0,0,7,9"
"279,Matthew Longstaff\c0027d2d,32,1,1,1,100.0,1,0,98,1,2,0,1,1"
"280,Sean Longstaff\a2b105e0,178,21,4,8,50.0,5,0,723,23,6,1,9,7"
"281,Ademola Lookman\7c104bb7,871,144,83,130,63.8,87,9,3891,220,63,41,78,84"
"282,Max Lowe\7af88b33,115,11,7,10,70.0,7,0,355,20,2,3,3,7"
"283,Matthew Lowton\9a9c05db,472,22,24,36,66.7,26,2,2740,108,48,4,19,23"
"284,David Luiz\c0e27d1a,65,19,2,4,50.0,2,0,3380,80,19,2,2,1"
"285,Douglas Luiz\6f7d826d,330,22,24,33,72.7,25,1,3334,111,35,2,11,19"
"286,John Lundstram\0df2b165,457,33,16,25,64.0,18,1,1780,74,33,2,20,21"
"287,Alexis Mac Allister\83d074ff,240,38,15,25,60.0,16,0,869,42,15,2,20,18"
"288,James Maddison\ee38d9c5,706,69,32,55,58.2,34,1,2436,148,41,14,42,43"
"289,Harry Maguire\d8931174,206,51,6,13,46.2,7,0,6498,200,57,3,6,10"
"290,Riyad Mahrez\892d5bb1,876,156,36,74,48.6,39,0,3040,202,45,48,33,35"
"291,Ainsley Maitland-Niles\e3a5814e,90,8,6,14,42.9,7,0,615,18,5,3,6,8"
"292,Ainsley Maitland-Niles\e3a5814e,204,35,18,35,51.4,21,0,869,40,16,8,18,32"
"293,Josh Maja\bc0bfc64,114,38,14,16,87.5,14,0,215,13,5,1,21,17"
"294,Sadio Mané\c691bfe2,1016,283,84,142,59.2,90,6,3848,223,71,54,98,82"
"295,Javier Manquillo\758dd7f0,175,7,4,14,28.6,5,0,731,26,9,0,12,8"
"296,Fernando Marçal\9ae9eaea,106,4,7,9,77.8,8,1,649,21,5,0,3,8"
"297,Solly March\bb5fbd2b,548,59,35,54,64.8,37,4,2728,140,35,19,17,26"
"298,Pablo Marí\aa54ec6f,10,3,3,3,100.0,3,0,1551,35,4,0,1,0"
"299,Anthony Martial\8b788c01,416,121,34,52,65.4,35,1,1560,96,28,17,37,47"
"300,Martinelli\48a5a5d6,158,44,16,29,55.2,17,1,647,31,7,9,14,12"
"301,Emiliano Martínez\7956236f,0,0,0,0,,0,0,1829,0,0,0,1,0"
"302,Arthur Masuaku\57df7a11,227,12,30,47,63.8,30,1,1894,77,31,4,8,17"
"303,Juan Mata\29733c72,146,17,3,4,75.0,3,0,583,39,14,4,7,11"
"304,Jean-Philippe Mateta\50e6dc35,23,8,1,2,50.0,2,1,55,4,1,1,7,6"
"305,Nemanja Mati?\eb7822d7,185,9,15,18,83.3,15,0,3315,111,36,3,7,10"
"306,Joël Matip\b217ef29,24,6,0,0,,0,0,1296,38,12,0,0,2"
"307,Neal Maupay\4bcf39f6,527,171,24,41,58.5,25,1,1544,89,28,16,61,63"
"308,James McArthur\cee31595,139,19,17,22,77.3,18,1,1392,56,21,2,11,14"
"309,Oliver McBurnie\78b8ac63,315,58,9,21,42.9,10,2,490,27,8,3,25,25"
"310,Alex McCarthy\36c2ca73,0,0,2,2,100.0,2,0,1065,0,0,0,1,0"
"311,James McCarthy\64b08de7,50,1,3,5,60.0,4,0,314,15,3,0,3,2"
"312,John McGinn\90f91999,525,58,56,75,74.7,57,1,2906,124,42,3,37,58"
"313,David McGoldrick\dbe56a33,712,101,46,80,57.5,54,5,1613,93,37,14,65,53"
"314,Dwight McNeil\fc15fb84,706,51,66,114,57.9,69,7,3476,172,66,21,42,62"
"315,Scott McTominay\d93c2511,334,36,22,32,68.8,22,0,3281,125,42,5,32,30"
"316,Ben Mee\8df7a2fb,65,44,3,5,60.0,3,0,1056,16,2,0,5,3"
"317,Hannibal Mejbri\ca22ccb0,0,0,3,3,100.0,3,1,14,0,0,0,0,1"
"318,Benjamin Mendy\5271c8f1,268,16,14,17,82.4,14,2,1017,50,12,3,7,8"
"319,Edouard Mendy\33887998,0,0,1,1,100.0,1,0,898,0,0,0,1,0"
"320,Nampalys Mendy\1598599e,193,1,6,14,42.9,7,1,1679,65,16,0,17,15"
"321,Illan Meslier\6b625ac2,0,0,0,0,,0,0,1713,0,0,0,2,1"
"322,Luka Milivojevi?\2ce2508a,217,8,14,19,73.7,15,1,1969,74,17,0,7,20"
"323,James Milner\2f90f6b8,308,25,6,13,46.2,6,1,1566,69,24,1,6,11"
"324,Yerry Mina\6d5701f2,35,25,0,1,0.0,0,0,3827,73,5,0,1,3"
"325,Takumi Minamino\f833a830,68,12,8,9,88.9,8,0,202,14,3,3,5,6"
"326,Takumi Minamino\f833a830,121,20,5,12,41.7,5,0,598,26,7,5,14,10"
"327,Tyrone Mings\8397a50c,84,37,8,13,61.5,8,0,3397,54,9,1,9,7"
"328,Tyrick Mitchell\5cbd1eb0,222,10,15,22,68.2,15,1,922,31,9,0,10,14"
"329,Aleksandar Mitrovi?\3925dbd6,318,117,14,22,63.6,15,1,465,26,5,3,55,29"
"330,Jakub Moder\f230bc30,177,25,9,16,56.3,10,1,889,50,11,7,12,6"
"331,Jayson Molumby\c908a1bc,0,0,0,0,,0,0,0,0,0,0,0,0"
"332,Wesley Moraes\bfae110f,7,1,0,0,,0,0,6,1,0,0,1,0"
"333,Wes Morgan\80c31c97,0,0,0,0,,0,0,5,0,0,0,0,0"
"334,Mason Mount\9674002f,1115,147,50,79,63.3,52,9,4946,265,100,38,49,54"
"335,Lucas Moura\2b622f01,328,46,36,65,55.4,39,2,2014,94,42,7,38,43"
"336,Lys Mousset\d9cfca3d,48,10,4,15,26.7,6,1,73,5,0,1,11,9"
"337,João Moutinho\f5a00fa4,539,10,10,23,43.5,12,0,3114,156,40,1,11,7"
"338,Joel Mumbongo\f8e588df,5,0,0,0,,0,0,11,0,0,0,1,2"
"339,Jacob Murphy\de112b84,286,28,44,63,69.8,48,2,2032,86,34,14,20,38"
"340,Shkodran Mustafi\3f2d59fe,2,0,0,0,,0,0,210,6,1,0,0,0"
"341,Marvelous Nakamba\de5b5570,33,1,2,3,66.7,3,0,356,6,2,0,4,5"
"342,Iliman Ndiaye\5ed97752,4,0,0,0,,0,0,11,0,0,0,1,0"
"343,Wilfred Ndidi\6b47c5db,189,14,11,20,55.0,11,0,1798,43,19,1,18,18"
"344,Tanguy Ndombele\5cdddffa,359,39,70,97,72.2,73,5,2900,153,41,11,31,49"
"345,Reiss Nelson\c5bdb6e3,26,5,1,2,50.0,1,0,129,6,3,0,1,2"
"346,Pedro Neto\7ba2eaa9,856,111,74,122,60.7,79,7,5060,273,90,54,72,59"
"347,Rúben Neves\44bfb6c5,391,25,12,19,63.2,14,0,3060,125,43,3,16,19"
"348,Eddie Nketiah\a53649b7,74,29,10,15,66.7,11,0,203,11,3,3,9,6"
"349,Niels Nkounkou\f5b281e7,21,0,3,6,50.0,4,0,94,4,2,0,4,1"
"350,Dan Nlundulu\30040f5d,18,6,4,6,66.7,5,1,14,1,0,0,5,1"
"351,Mark Noble\ff527768,81,2,3,6,50.0,3,0,610,27,10,2,3,2"
"352,Will Norris\c73ada83,0,0,0,0,,0,0,86,0,0,0,0,0"
"353,Oliver Norwood\43439614,345,8,4,6,66.7,4,0,1391,52,5,0,11,11"
"354,Jack O'Connell\312626c1,15,0,0,1,0.0,0,0,82,3,1,0,0,0"
"355,Dara O'Shea\1d042188,124,19,5,11,45.5,5,0,1126,39,5,1,6,12"
"356,Michael Obafemi\caa1a7f0,5,3,0,1,0.0,0,0,18,1,0,0,2,0"
"357,Denis Odoi\f7750aa0,35,0,0,0,,0,0,642,10,10,0,0,1"
"358,Angelo Ogbonna\74b2cd7e,53,28,4,4,100.0,4,0,2008,38,3,0,4,4"
"359,Robin Olsen\e7ee38c3,0,0,0,0,,0,0,180,0,0,0,0,0"
"360,Josh Onomah\6612cd8c,71,7,1,2,50.0,2,0,485,18,7,0,7,11"
"361,Divock Origi\43a166b4,57,15,1,4,25.0,1,0,215,10,6,3,8,4"
"362,Ben Osborn\79bc4c45,422,41,18,30,60.0,21,1,1717,82,32,8,33,21"
"363,Owen Otasowie\6956ff08,33,6,3,5,60.0,3,0,165,9,4,0,6,7"
"364,Alex Oxlade-Chamberlain\38c7feef,77,7,2,7,28.6,3,0,319,16,7,0,8,7"
"365,Emerson Palmieri\e0bc6fdc,24,1,0,1,0.0,0,0,120,2,1,1,2,2"
"366,Thomas Partey\529f49ab,232,12,23,32,71.9,24,2,2821,128,47,1,7,21"
"367,Rui Patrício\79b0d6a0,0,0,0,0,,0,0,827,0,0,0,1,0"
"368,Bailey Peacock-Farrell\4879f8cb,0,0,0,0,,0,0,143,0,0,0,0,0"
"369,Lee Peltier\af341b88,18,0,1,1,100.0,1,0,50,1,1,0,1,0"
"370,Nicolas Pépé\57e3f0c7,519,115,31,78,39.7,32,5,1935,106,18,31,27,36"
"371,Matheus Pereira\b04ee927,685,83,39,77,50.6,46,9,2799,160,48,19,63,48"
"372,Ricardo Pereira\75a72a99,251,28,20,38,52.6,21,0,955,53,15,6,15,22"
"373,Ayoze Pérez\819aa8e7,342,59,27,55,49.1,31,3,1592,93,27,3,34,31"
"374,Kalvin Phillips\4f565d77,307,9,17,27,63.0,18,1,2279,60,14,2,22,30"
"375,Matt Phillips\7bb5f40e,369,61,28,57,49.1,28,3,1757,82,28,17,39,38"
"376,Nathaniel Phillips\515ebe8d,57,20,1,1,100.0,1,0,1869,47,7,1,6,2"
"377,Jaden Philogene Bidace\19f4d211,4,0,0,0,,0,0,17,2,0,0,0,0"
"378,Jordan Pickford\4806ec67,0,0,0,0,,0,0,1786,0,0,0,0,0"
"379,Erik Pieters\1ef37668,161,9,6,8,75.0,6,0,868,35,14,3,7,12"
"380,Daniel Podence\7fcc71d8,373,66,37,65,56.9,42,7,1920,87,27,19,29,30"
"381,Paul Pogba\867239d3,519,71,45,74,60.8,49,2,2984,147,33,5,49,48"
"382,Nick Pope\4b40d9ca,1,0,0,0,,0,0,1699,0,0,0,1,0"
"383,Dennis Praet\86695068,178,26,10,16,62.5,11,1,689,36,11,3,10,13"
"384,Davy Pröpper\fdd85f94,35,4,0,0,,0,0,187,8,6,0,2,7"
"385,Christian Pulisic\1bf33a9a,547,117,46,94,48.9,52,4,2831,171,54,27,62,50"
"386,Aaron Ramsdale\466fb2c5,2,2,2,2,100.0,2,0,1910,0,0,0,1,0"
"387,Jacob Ramsey\1544f145,126,21,9,14,64.3,10,0,551,20,9,2,10,12"
"388,Kayne Ramsey\dc31b84c,0,0,0,0,,0,0,12,0,0,0,0,0"
"389,Darren Randolph\6385ebfb,0,0,0,0,,0,0,68,0,0,0,0,0"
"390,Marcus Rashford\a1d5bd30,1030,190,88,164,53.7,94,21,3997,219,74,61,60,75"
"391,Tim Ream\28b40c9c,7,0,1,2,50.0,1,0,1110,29,2,0,1,1"
"392,Nathan Redmond\ab651565,467,85,44,84,52.4,50,2,2076,116,42,20,31,30"
"393,Harrison Reed\803ae100,327,10,15,21,71.4,17,1,2070,66,23,1,13,12"
"394,Sergio Reguilón\3353737a,505,55,27,51,52.9,32,4,2684,113,35,8,18,31"
"395,Bobby Reid\0f7533cd,457,92,28,51,54.9,29,4,1799,97,32,17,53,35"
"396,Declan Rice\1c7012b8,327,40,33,37,89.2,33,0,4320,165,59,7,24,21"
"397,Lewis Richardson\4fa62ae4,2,0,0,0,,0,0,0,0,0,0,0,2"
"398,Richarlison\fa031b34,595,157,62,111,55.9,64,7,3563,169,68,40,59,67"
"399,Jaïro Riedewald\7a1f2c08,160,15,12,22,54.5,14,2,1155,41,13,4,16,11"
"400,Matt Ritchie\71ef519e,272,13,6,8,75.0,6,0,1156,51,25,1,8,9"
"401,Tyler Roberts\6c17e046,267,48,17,27,63.0,18,0,1232,67,34,5,24,19"
"402,Andrew Robertson\2e4f5f03,1318,105,29,53,54.7,35,3,6289,239,96,12,39,20"
"403,Antonee Robinson\289601e6,581,34,48,68,70.6,50,4,4055,165,76,6,36,24"
"404,Callum Robinson\e75750a3,352,51,23,37,62.2,24,0,1034,59,16,12,38,32"
"405,Jack Robinson\7399c7a8,88,7,3,4,75.0,4,2,577,20,8,0,3,4"
"406,Hal Robson-Kanu\fb2dec57,104,16,6,16,37.5,8,0,278,20,4,4,33,20"
"407,Marek Rodák\17acc2ed,0,0,0,0,,0,0,42,0,0,0,0,0"
"408,Joe Rodon\8d62d31a,4,1,0,0,,0,0,426,5,0,0,2,0"
"409,Rodri\6434f10d,561,52,29,35,82.9,29,1,4860,192,47,10,18,22"
"410,Rodrigo\1fb1c435,338,76,18,29,62.1,20,0,1113,73,19,11,37,22"
"411,James Rodríguez\715bf047,423,35,29,47,61.7,32,3,1810,98,28,10,19,38"
"412,Jay Rodriguez\4ab53cdb,236,55,15,31,48.4,15,1,508,37,12,5,44,23"
"413,Oriol Romeu\4b511457,244,10,11,13,84.6,11,1,2348,111,39,3,9,22"
"414,John Ruddy\da8b19e2,0,0,0,0,,0,0,20,0,0,0,0,0"
"415,Antonio Rüdiger\18b896d6,98,19,3,6,50.0,4,1,3273,76,25,1,2,0"
"416,Mathew Ryan\4535e4bb,0,0,0,0,,0,0,394,0,0,0,0,0"
"417,Mathew Ryan\4535e4bb,1,1,0,0,,0,0,111,1,0,0,1,0"
"418,Allan Saint-Maximin\2b16cb1a,333,66,83,123,67.5,88,3,2890,148,50,27,40,60"
"419,Romain Saïss\9fbbcf39,158,36,8,14,57.1,8,0,2792,70,14,0,8,3"
"420,Bukayo Saka\bc7dc64d,834,155,42,80,52.5,47,3,3487,206,54,37,47,66"
"421,Mamadou Sakho\87935cf3,4,2,0,0,,0,0,153,3,2,0,1,1"
"422,Mohamed Salah\e342ad68,1162,313,50,98,51.0,56,2,3460,218,52,54,115,92"
"423,Mohammed Salisu\0b33f6ad,48,7,9,10,90.0,9,0,547,24,8,0,6,13"
"424,Davinson Sánchez\da7b447d,14,6,0,0,,0,0,1598,36,3,0,2,4"
"425,Robert Sánchez\6a713852,2,1,0,0,,0,0,1564,0,0,0,1,1"
"426,Morgan Sanson\6e7f1353,81,3,4,5,80.0,4,0,416,25,10,0,8,9"
"427,Romaine Sawyers\77bb1522,103,2,9,19,47.4,11,0,1105,39,5,0,9,17"
"428,Dane Scarlett\21945a9e,0,0,0,0,,0,0,0,0,0,0,0,0"
"429,Fabian Schär\c8aa95da,63,11,7,13,53.8,7,1,1474,34,7,0,4,6"
"430,Jeffrey Schlupp\3312f911,263,54,32,57,56.1,35,0,1028,59,16,13,25,52"
"431,Kasper Schmeichel\53af52f3,1,0,1,2,50.0,1,0,1447,0,0,0,0,0"
"432,Nélson Semedo\d04b94db,741,50,56,90,62.2,60,0,5023,230,83,10,46,38"
"433,Femi Seriki\e4e0deaa,0,0,0,0,,0,0,0,0,0,0,0,0"
"434,Jamie Shackleton\8d03ca5a,81,9,1,3,33.3,3,0,302,17,6,2,8,3"
"435,Xherdan Shaqiri\6421ec64,257,16,6,6,100.0,6,0,457,20,9,0,9,12"
"436,Billy Sharp\e8c9f4e9,128,41,7,10,70.0,7,1,194,12,4,4,17,22"
"437,Luke Shaw\9c94165b,940,61,38,60,63.3,39,3,5334,223,96,14,22,30"
"438,Jonjo Shelvey\3727dd3c,343,23,23,29,79.3,25,1,2117,71,24,1,7,12"
"439,Shola Shoretire\00f0482f,5,0,0,1,0.0,0,0,34,1,0,0,0,0"
"440,Gylfi Sigurðsson\76dd1480,452,49,15,26,57.7,16,1,1062,56,17,3,31,36"
"441,Bernardo Silva\3eb22ec9,763,101,41,58,70.7,42,2,5004,275,96,32,25,28"
"442,Fábio Silva\e7aa9d7c,238,89,15,32,46.9,16,2,580,28,10,6,43,20"
"443,Thiago Silva\86e7deaf,57,19,2,3,66.7,2,0,5319,159,17,0,7,2"
"444,Moussa Sissoko\2acd49b9,177,10,17,30,56.7,20,0,1529,67,26,3,8,14"
"445,Islam Slimani\ffec9769,7,2,0,0,,0,0,7,0,0,0,1,0"
"446,William Smallbone\5e105217,38,3,1,1,100.0,1,0,133,7,3,1,2,2"
"447,Emile Smith Rowe\17695062,379,49,7,29,24.1,9,2,1820,79,29,14,24,16"
"448,Robert Snodgrass\9f4647e9,71,11,3,6,50.0,3,1,222,13,4,4,2,4"
"449,Robert Snodgrass\9f4647e9,4,0,0,0,,0,0,0,0,0,0,0,0"
"450,Cédric Soares\839c14e1,181,11,6,10,60.0,6,0,900,40,14,3,9,9"
"451,Tomáš Sou?ek\6613c819,430,102,16,26,61.5,17,1,2040,84,35,3,34,24"
"452,Ça?lar Söyüncü\21166ff4,76,23,7,9,77.8,7,1,3648,96,27,0,5,5"
"453,Zack Steffen\42130443,0,0,0,0,,0,0,11,0,0,0,0,0"
"454,Dale Stephens\653ee42d,29,5,1,1,100.0,1,0,151,2,0,0,0,5"
"455,Jack Stephens\6adbc307,69,11,3,4,75.0,3,0,2408,63,12,0,5,8"
"456,Raheem Sterling\b400bde0,889,239,69,125,55.2,71,2,3686,234,53,62,60,82"
"457,Enda Stevens\17d4507a,536,45,29,45,64.4,30,3,2821,117,32,10,25,25"
"458,John Stones\5eecec3d,124,17,9,11,81.8,10,1,5688,203,33,0,4,1"
"459,Pascal Struijk\f4d296e4,82,20,4,5,80.0,4,1,2946,28,5,0,5,9"
"460,Japhet Tanganga\e9971f2d,59,3,12,14,85.7,12,1,350,10,3,0,0,4"
"461,Matt Targett\e514ab62,739,45,16,21,76.2,16,1,2399,107,29,4,16,16"
"462,James Tarkowski\15ea812b,132,72,11,13,84.6,12,0,1805,41,6,1,12,7"
"463,Percy Tau\4d0eb7d2,17,4,3,3,100.0,3,0,106,3,0,1,7,2"
"464,Sidnei Tavares\3add8ed8,10,1,1,1,100.0,1,0,54,2,1,0,1,3"
"465,Charlie Taylor\cc2d7ad5,404,12,27,46,58.7,28,0,2493,112,52,5,14,13"
"466,Neil Taylor\c2f9d19f,2,0,0,0,,0,0,9,1,0,0,0,0"
"467,Allan Tchaptchet\ab7d7882,0,0,0,0,,0,0,0,0,0,0,0,0"
"468,Nathan Tella\f1e94cd6,144,25,16,25,64.0,17,0,645,32,12,7,32,27"
"469,Alex Telles\e73c9bb2,200,3,3,6,50.0,3,0,1111,47,11,1,4,8"
"470,Kenny Tete\77d7c96f,295,20,8,19,42.1,9,3,1649,74,24,3,19,7"
"471,William Thomas Fish\b2ee9d2c,0,0,0,0,,0,0,1,0,0,0,0,0"
"472,Luke Thomas\fc027d02,201,17,10,17,58.8,10,1,639,31,5,4,14,13"
"473,Youri Tielemans\56f7a928,777,43,40,57,70.2,45,7,4300,168,50,9,29,47"
"474,Kieran Tierney\fce2302c,628,52,22,42,52.4,24,1,3356,150,49,20,20,16"
"475,James Tomkins\e7ca0439,6,6,0,0,,0,0,207,4,0,0,0,0"
"476,Fikayo Tomori\7edfbb8a,0,0,0,0,,0,0,38,0,0,0,0,0"
"477,Ferrán Torres\9e1035f8,387,70,19,44,43.2,20,0,1208,73,17,14,18,30"
"478,Cenk Tosun\9a104dee,10,2,0,0,,0,0,15,1,2,1,4,0"
"479,Andros Townsend\b28bbd58,533,35,44,68,64.7,47,0,3344,141,64,11,37,59"
"480,Conor Townsend\4dc4f138,352,29,12,26,46.2,12,1,2011,70,17,5,28,17"
"481,Adama Traoré\9a28eba4,681,117,160,214,74.8,173,5,5679,306,86,60,84,86"
"482,Bertrand Traoré\c47541e0,584,106,51,97,52.6,57,8,1833,97,25,14,51,35"
"483,Trézéguet\3ae14ed1,260,74,26,38,68.4,28,3,1173,63,20,14,27,13"
"484,Leandro Trossard\38ceb24a,788,133,42,68,61.8,45,3,3212,166,55,21,55,69"
"485,Kostas Tsimikas\f315ca93,6,0,0,0,,0,0,12,2,0,0,1,1"
"486,Axel Tuanzebe\2baec6ce,18,0,0,2,0.0,0,0,472,21,2,0,3,1"
"487,Cengiz Ünder\1880614f,109,10,12,20,60.0,13,1,468,30,6,2,10,9"
"488,Yan Valery\531a4aa8,28,2,1,4,25.0,1,0,161,8,1,1,3,6"
"489,Jamie Vardy\45963054,428,182,31,52,59.6,38,5,1199,71,15,34,60,18"
"490,Joël Veltman\dad4b285,464,37,21,33,63.6,23,2,2651,103,37,5,8,17"
"491,Jannik Vestergaard\1900032e,103,45,12,17,70.6,13,1,3848,109,20,0,8,5"
"492,Rúben Vinagre\b937e490,30,0,3,7,42.9,4,0,242,14,3,0,1,2"
"493,Carlos Vinícius\8b529245,43,17,5,6,83.3,5,0,78,3,0,0,12,12"
"494,João Virgínia\728e9b2e,0,0,0,0,,0,0,28,0,0,0,0,0"
"495,Vitinha\3b029691,140,10,8,11,72.7,9,1,896,45,14,2,11,10"
"496,Jake Vokins\d484c261,7,0,0,0,,0,0,70,2,2,0,0,0"
"497,Mat?j Vydra\0d4ceb32,268,86,23,36,63.9,26,1,544,35,7,10,44,22"
"498,Theo Walcott\1ecb65be,1,0,0,0,,0,0,63,0,1,0,1,0"
"499,Theo Walcott\1ecb65be,322,69,20,49,40.8,21,0,1550,80,30,13,45,41"
"500,Kyle Walker\86dd77d1,457,17,31,48,64.6,34,1,3950,184,66,6,8,21"
"501,Kyle Walker-Peters\984a5a64,479,60,50,75,66.7,51,1,4078,192,59,22,22,45"
"502,Aaron Wan-Bissaka\9e525177,741,39,40,66,60.6,43,2,4541,211,79,3,17,25"
"503,Joel Ward\8a7ff278,284,9,10,14,71.4,11,0,1385,53,27,0,19,8"
"504,James Ward-Prowse\3515d404,693,23,15,23,65.2,16,0,3475,120,41,1,16,17"
"505,Ollie Watkins\aed3a70f,797,243,48,77,62.3,52,3,2191,133,38,47,111,84"
"506,Caleb Watts\c7170b46,9,0,0,0,,0,0,16,2,0,0,0,2"
"507,Adam Webster\c40b6180,194,33,7,11,63.6,9,0,6347,162,55,2,16,14"
"508,Danny Welbeck\ce5143da,275,94,17,28,60.7,18,0,820,44,11,4,40,24"
"509,Timo Werner\49fe9070,690,202,30,79,38.0,35,3,3153,147,48,57,77,51"
"510,Ashley Westwood\495945ef,626,26,12,18,66.7,14,0,2449,97,38,0,19,19"
"511,Ben White\35e413f1,270,28,24,41,58.5,31,0,3793,108,37,1,11,15"
"512,Georginio Wijnaldum\eb58eef0,540,47,34,51,66.7,36,2,4054,173,73,6,24,26"
"513,Brandon Williams\5e74d6c8,22,1,1,5,20.0,1,0,316,12,2,0,2,2"
"514,Neco Williams\dd323728,103,10,6,9,66.7,6,0,384,21,5,1,1,2"
"515,Rhys Williams\012c975a,18,9,1,1,100.0,1,0,549,14,2,0,0,0"
"516,Willian\8b9ebd03,518,42,12,22,54.5,13,0,2262,128,42,11,15,21"
"517,Joe Willock\a3b03921,61,14,3,7,42.9,3,0,258,18,8,0,5,12"
"518,Joe Willock\a3b03921,138,39,22,34,64.7,22,2,957,37,13,6,20,22"
"519,Callum Wilson\c596fcb0,338,105,29,49,59.2,34,1,1373,71,27,24,68,53"
"520,Harry Winks\2f7acede,74,1,4,6,66.7,5,0,991,28,9,0,3,7"
"521,Chris Wood\4e9a0555,528,138,13,26,50.0,13,2,648,32,15,8,81,54"
"522,Granit Xhaka\e61b8aee,407,12,10,19,52.6,11,2,4786,159,40,0,7,19"
"523,Andriy Yarmolenko\849c826a,107,18,7,7,100.0,7,1,584,34,8,4,9,14"
"524,DeAndre Yedlin\ae0a7ddf,73,5,1,2,50.0,1,0,246,16,6,1,3,1"
"525,Okay Yoku?lu\e49ce451,102,10,18,24,75.0,18,1,807,19,9,1,7,12"
"526,Wilfried Zaha\b2bc3b1f,712,157,59,124,47.6,64,7,3250,182,53,49,87,103"
"527,Andre-Frank Zambo Anguissa\6bb2c084,469,53,87,119,73.1,90,3,4026,176,64,13,60,62"
"528,Andi Zeqiri\d01231f0,37,15,1,1,100.0,1,0,117,8,1,2,4,2"
"529,Oleksandr Zinchenko\51cf8561,444,10,5,11,45.5,5,1,2481,128,38,2,8,5"
"530,Hakim Ziyech\6622454d,443,37,18,34,52.9,19,4,1269,78,22,12,25,19"
"531,Kurt Zouma\ce4246f5,75,31,5,7,71.4,5,0,4108,97,22,0,4,7"
"532,Martin Ødegaard\79300479,289,26,12,18,66.7,12,0,1183,78,17,5,12,11"
