"Rk,Player,Cmp%,TotDist,PrgDist,Cmp%,Cmp%,Cmp%,KP,1/3,PPA,CrsPA,Prog"
"1,Patrick van Aanholt\5f09991f,78.9,14909,6947,88.7,81.3,52.0,11,68,26,4,112"
"2,Tammy Abraham\f586779e,68.3,2057,327,78.0,60.9,60.0,8,12,2,0,11"
"3,Che Adams\f2bf1b0f,70.0,7359,1633,75.2,77.7,69.9,34,27,25,2,61"
"4,Tosin Adarabioyo\c81d773d,87.4,37337,11928,89.4,94.8,73.6,5,68,5,1,73"
"5,Adrián\f76e6b4e,76.8,2031,1135,100.0,97.4,48.8,0,0,0,0,0"
"6,Sergio Agüero\4d034881,84.1,1867,285,87.2,87.5,100.0,6,11,6,1,12"
"7,Ola Aina\246d153b,77.7,25538,10322,90.1,86.1,48.0,14,98,15,9,98"
"8,Rayan Aït Nouri\9b398aea,83.7,10835,3074,91.9,89.1,50.6,13,30,14,5,46"
"9,Semi Ajayi\d6192210,74.3,15524,6590,85.3,81.8,53.7,5,67,4,0,64"
"10,Nathan Aké\eaeca114,93.0,12873,3534,96.7,93.8,82.2,1,60,2,0,36"
"11,Marc Albrighton\b827d5b3,68.8,11394,4629,83.3,80.2,42.2,39,51,42,16,87"
"12,Thiago Alcántara\77e84962,89.5,31595,8231,92.6,92.7,82.2,29,207,27,1,184"
"13,Toby Alderweireld\f7d50789,83.7,27127,7537,92.7,93.0,66.4,7,76,6,1,52"
"14,Rúnar Alex Rúnarsson\8fa8f8d2,63.6,126,51,100.0,100.0,0.0,0,0,0,0,0"
"15,Trent Alexander-Arnold\cd1acf9d,75.3,47515,19500,88.2,83.6,53.9,73,208,101,32,278"
"16,Ezgjan Alioski\1a7fcf39,80.1,22206,8320,89.5,85.8,49.5,27,82,32,13,114"
"17,Alisson\7a2e46a8,85.1,25310,13346,98.8,98.1,64.2,0,7,0,0,1"
"18,Allan\cc700722,85.8,16984,4349,92.0,89.3,72.5,16,91,15,1,82"
"19,Dele Alli\cea4ee8f,80.1,4654,1070,85.5,87.9,66.7,8,17,9,1,27"
"20,Miguel Almirón\862a1c15,81.1,12123,2700,89.1,85.2,60.6,28,56,26,7,65"
"21,Marcos Alonso\f4290206,81.6,8125,2867,89.5,86.3,54.8,12,19,8,2,49"
"22,Steven Alzate\ad1f61f3,89.5,6928,1321,91.1,94.5,83.3,10,33,6,0,35"
"23,Daniel Amartey\1a4ef233,85.8,7606,2362,93.2,88.3,72.6,0,19,1,0,25"
"24,Ethan Ampadu\10b9fa99,80.5,17276,5506,86.7,86.2,63.5,10,69,16,2,84"
"25,Joachim Andersen\e34fc66d,83.4,38236,11350,89.8,91.8,68.8,9,121,9,1,99"
"26,Elliot Anderson\de31038e,100.0,10,0,100.0,,,0,0,0,0,0"
"27,Felipe Anderson\9f1893b9,66.7,61,28,100.0,50.0,,0,0,0,0,2"
"28,Michail Antonio\ac05f970,66.5,5008,924,73.0,67.2,57.7,23,22,12,2,25"
"29,Alphonse Areola\2f965a72,73.6,20163,12032,100.0,98.8,48.7,0,6,0,0,0"
"30,Stuart Armstrong\97333cf5,79.7,16614,4712,85.3,86.3,66.9,34,90,40,5,116"
"31,Kepa Arrizabalaga\28d596a0,81.5,5209,2622,96.1,100.0,58.3,0,3,0,0,1"
"32,Pierre-Emerick Aubameyang\d5dd5f1f,75.0,7883,1507,81.4,76.9,54.9,22,18,27,9,50"
"33,Serge Aurier\5c2b4f07,80.6,12616,5171,90.1,79.6,58.6,12,29,20,6,61"
"34,Charlie Austin\8d228291,73.5,374,134,85.7,75.0,50.0,0,0,0,0,4"
"35,Jordan Ayew\da052c14,78.6,7192,1223,85.8,78.9,56.1,12,12,14,2,36"
"36,Luke Ayling\420d7c7d,79.3,42931,17225,88.3,86.9,57.8,25,177,35,12,203"
"37,César Azpilicueta\53cad200,87.5,30771,11059,93.3,91.6,59.2,26,130,25,5,116"
"38,Eric Bailly\a1232f4e,90.3,10384,3113,93.9,92.4,78.0,0,28,0,0,29"
"39,Fabián Balbuena\3626f7d9,76.8,8603,3296,87.5,87.8,57.8,0,33,0,0,30"
"40,George Baldock\394854c4,78.5,13856,4559,91.7,78.2,43.8,17,39,29,8,61"
"41,Gareth Bale\a58bb1e1,69.6,5574,1778,82.9,70.4,55.8,20,23,16,6,32"
"42,Patrick Bamford\93feac6e,76.3,5231,872,78.0,81.5,81.5,29,21,13,2,31"
"43,Phil Bardsley\1ae30132,70.3,2256,949,95.9,76.1,40.0,0,9,6,1,11"
"44,Ross Barkley\3a24769f,81.0,11391,2909,87.6,86.8,64.7,39,45,27,0,76"
"45,Ross Barkley\3a24769f,84.6,441,72,76.9,88.9,100.0,1,2,1,0,2"
"46,Ashley Barnes\2691c772,63.5,2579,574,74.6,60.8,27.6,13,13,7,1,20"
"47,Harvey Barnes\3ea50f67,74.8,7239,1875,80.1,79.3,64.7,25,37,19,2,62"
"48,Kyle Bartley\18e96f64,77.9,13475,4389,82.3,86.4,56.8,4,52,3,1,30"
"49,Chris Basham\1aa84968,81.4,16284,4713,89.6,84.9,62.1,10,54,15,7,62"
"50,Michy Batshuayi\2973d8ff,70.2,1722,350,77.8,70.9,80.0,7,7,4,1,11"
"51,Jan Bednarek\4115ce4e,84.6,32478,10807,92.6,91.2,53.6,5,80,4,0,80"
"52,Donny van de Beek\50dc94ce,84.2,3651,758,89.4,92.2,64.7,3,11,2,1,10"
"53,Héctor Bellerín\f874dd44,82.9,18140,5147,86.6,86.6,62.4,22,61,29,9,88"
"54,Saïd Benrahma\5a04fd92,78.0,6393,1825,89.4,79.5,43.9,27,41,22,6,47"
"55,Josh Benson\bf3aeb61,72.9,865,322,90.5,70.8,33.3,0,4,0,0,7"
"56,Christian Benteke\ab070c55,63.9,5051,990,66.6,60.2,70.0,15,25,14,2,33"
"57,Gaetano Berardi\5348aada,82.1,898,426,87.5,90.0,55.6,0,2,1,0,3"
"58,Jóhann Berg Guðmundsson\f72293fc,75.4,6119,1493,86.4,79.0,48.4,10,19,15,5,34"
"59,Sander Berge\d0b6129f,81.9,6911,1423,83.2,88.6,71.4,12,33,4,2,30"
"60,Steven Bergwijn\a29b1131,81.1,4842,849,89.3,81.3,29.0,14,21,9,0,18"
"61,Bernard\ab4b3e35,79.4,3591,923,88.5,79.4,72.4,10,21,11,2,23"
"62,Bernardo\17370b95,71.3,1042,288,84.2,70.6,83.3,2,3,2,1,6"
"63,Ryan Bertrand\01226327,76.8,19449,7477,88.1,79.6,42.9,13,65,24,5,97"
"64,Yves Bissouma\6c203af0,87.2,29183,5414,88.7,91.5,78.2,15,123,21,2,114"
"65,Jayden Bogle\ae5019e6,78.3,4772,1869,87.8,80.6,56.6,4,17,7,1,23"
"66,Willy Boly\a4ac4b8f,82.8,16279,5637,88.8,89.9,58.1,3,47,1,0,40"
"67,Jarrod Bowen\79c84d1c,68.0,9687,2148,76.4,78.6,50.0,28,22,22,9,37"
"68,Robbie Brady\96bb8cc2,67.7,4703,1627,82.6,68.2,43.6,7,23,6,4,32"
"69,Rhian Brewster\30e81a88,69.3,2629,649,77.5,69.1,60.6,8,13,4,2,14"
"70,Nathan Broadhead\43309491,100.0,21,2,100.0,,,0,0,0,0,0"
"71,Josh Brownhill\47369df8,79.0,14887,3376,87.3,81.1,52.6,19,66,17,2,66"
"72,Joe Bryan\af69e7f0,70.2,5236,2212,85.5,78.3,37.3,6,23,5,2,27"
"73,Kean Bryan\c684d3c9,72.9,6614,3041,91.5,82.1,43.5,4,27,3,1,22"
"74,Oliver Burke\f631c17f,70.6,2434,326,77.6,77.6,41.7,13,5,8,1,11"
"75,Dan Burn\b2d31e83,76.7,16883,5286,81.8,83.4,46.5,9,73,15,5,77"
"76,Jack Butland\cc70a1d5,28.6,258,207,100.0,,21.1,0,1,0,0,0"
"77,David Button\e608ed4c,43.2,687,484,100.0,100.0,36.4,0,0,0,0,0"
"78,Oskar Buur\aa6f2f2c,93.3,201,47,100.0,100.0,0.0,0,0,0,0,0"
"79,Willy Caballero\a179d516,92.3,496,302,100.0,100.0,60.0,0,0,0,0,0"
"80,Gary Cahill\7914b9fe,84.6,12855,4415,85.9,93.4,63.5,8,34,1,0,34"
"81,Tom Cairney\a8748947,88.7,11165,2009,94.3,91.9,78.1,20,61,10,5,32"
"82,Dominic Calvert-Lewin\59e6e5bf,71.6,7196,1149,77.0,67.9,83.0,17,27,11,1,36"
"83,João Cancelo\bd6351cd,85.7,31794,8986,92.3,87.9,68.8,44,135,69,9,166"
"84,Ian Carlo Poveda\55b4f1d6,73.5,1384,482,79.2,80.5,57.1,4,7,9,2,18"
"85,Andy Carroll\b581987a,63.1,1415,433,71.6,56.5,50.0,2,10,3,0,12"
"86,Scott Carson\3e1550ee,93.8,334,200,100.0,100.0,75.0,0,0,0,0,0"
"87,Fabio Carvalho\966e28d0,77.9,869,98,85.5,83.3,60.0,2,3,2,0,5"
"88,Matty Cash\2389cdc2,73.9,18616,6966,89.5,79.7,45.9,22,78,24,16,64"
"89,Kiko Casilla\58bc7d18,87.2,2073,1230,100.0,100.0,67.6,0,0,0,0,0"
"90,Timothy Castagne\197640fd,83.8,20653,7144,91.5,86.8,52.5,22,87,21,7,99"
"91,Jonny Castro\e28868f3,78.7,2770,1002,87.4,83.5,42.1,3,8,1,1,11"
"92,Ivan Cavaleiro\979b811d,72.0,10024,2429,81.2,80.7,45.8,44,19,30,11,50"
"93,Edinson Cavani\527f063d,78.7,4517,627,82.2,84.1,83.3,15,16,13,1,18"
"94,Dani Ceballos\c0617e2b,86.5,22027,5182,90.8,91.6,74.8,27,131,22,3,107"
"95,Calum Chambers\dc6f5bdd,80.3,8301,2388,89.2,84.6,55.3,11,24,9,5,23"
"96,Ben Chilwell\d2424d1b,78.6,24038,8064,90.9,81.4,46.6,30,87,26,11,127"
"97,Hamza Choudhury\7d2d3329,80.9,3682,616,79.3,87.3,73.5,0,13,0,0,8"
"98,Andreas Christensen\1cb49278,92.8,21334,5754,93.4,95.3,86.3,6,44,3,0,46"
"99,Carney Chukwuemeka\b2f9c73e,62.5,88,10,100.0,50.0,50.0,0,0,0,0,0"
"100,Ciaran Clark\2b91cf8e,83.0,12686,3922,87.2,90.4,65.0,2,35,2,0,35"
"101,Nathaniel Clyne\0442183b,76.8,6908,2752,89.9,80.0,40.0,4,20,13,6,25"
"102,Conor Coady\2928dca2,88.1,40617,14316,94.7,95.7,76.1,2,78,1,0,59"
"103,Séamus Coleman\0420d84f,81.5,11163,4088,90.9,85.0,60.5,18,32,14,5,43"
"104,Aaron Connolly\27c01749,78.2,1147,165,80.4,86.7,80.0,5,2,1,0,3"
"105,Liam Cooper\dc64b8b3,87.7,31575,9368,93.3,95.5,70.0,0,78,3,0,67"
"106,Theo Corbeanu\25b82f9a,100.0,53,28,100.0,,100.0,1,0,1,1,0"
"107,Jack Cork\74e12f1e,82.8,6590,1287,88.5,90.7,59.0,7,39,3,0,26"
"108,Hélder Costa\f13d02a6,73.8,3298,882,87.8,73.1,30.4,9,7,13,4,16"
"109,Vladimír Coufal\fdf3cb77,70.9,20585,10174,87.9,73.5,40.8,46,82,40,23,119"
"110,Aaron Cresswell\4f974391,74.8,30884,14764,89.0,83.7,48.6,60,149,24,17,120"
"111,Patrick Cutrone\a4fe8cda,80.0,67,2,66.7,100.0,,0,0,0,0,0"
"112,Stuart Dallas\67ca8566,82.0,31713,9947,91.0,84.3,60.2,27,141,38,9,182"
"113,Scott Dann\52105203,84.1,10396,4758,90.5,92.9,57.9,1,24,0,0,28"
"114,Karl Darlow\cde3309f,50.1,15539,11428,100.0,96.5,38.9,1,8,0,0,0"
"115,Ben Davies\44781702,77.9,10908,4213,90.2,84.9,41.7,7,42,9,4,43"
"116,Tom Davies\9228b07c,83.8,10963,2685,89.4,88.7,72.9,7,43,7,2,47"
"117,Keinan Davis\9deaf2c8,73.4,843,141,90.0,65.5,50.0,5,1,3,0,3"
"118,Leif Davis\8574c61f,84.2,384,159,100.0,90.9,60.0,0,0,1,0,1"
"119,Craig Dawson\3e9e06cb,82.5,14128,3945,92.1,92.4,64.6,1,41,1,0,25"
"120,Kevin De Bruyne\e46012d4,76.0,21109,6183,84.3,81.4,62.9,79,128,79,9,173"
"121,Liam Delap\dd897ee7,71.4,45,0,66.7,,,0,0,0,0,0"
"122,Fabian Delph\111c3236,88.0,3586,937,94.0,92.9,58.1,2,15,1,0,15"
"123,Leander Dendoncker\5a7301ae,87.9,19322,4299,90.6,89.8,83.4,16,64,8,2,62"
"124,Mbaye Diagne\dda3969e,70.4,2398,456,82.7,60.0,57.1,12,13,5,2,16"
"125,Amad Diallo\9dc96f10,84.4,839,219,87.9,90.0,80.0,2,5,1,0,5"
"126,Ibrahima Diallo\11ff3d56,85.2,8755,1972,88.7,92.4,53.9,8,36,6,1,33"
"127,Grady Diangana\f522d7ec,72.9,3593,893,80.7,79.3,28.6,5,15,7,0,26"
"128,Raphael Dias Belloli\3423f250,66.6,13455,5385,85.0,70.5,45.4,66,81,42,9,135"
"129,Rúben Dias\31c69ef1,93.5,54265,14607,95.4,97.0,84.4,3,166,9,1,116"
"130,Eric Dier\ac861941,84.6,31629,10688,90.8,92.8,67.4,3,72,5,0,62"
"131,Lucas Digne\1b84dbe1,72.5,22044,8899,87.0,77.3,44.0,44,63,37,26,108"
"132,Virgil van Dijk\e06683ca,90.0,7078,2109,93.8,94.6,76.6,0,26,0,0,20"
"133,Issa Diop\a712ca2b,84.4,9379,2899,87.0,91.4,64.4,1,28,0,0,22"
"134,Moussa Djenepo\254147d4,73.8,4570,1263,83.3,79.9,54.5,7,17,13,2,24"
"135,Matt Doherty\d557d734,80.6,10945,4240,89.3,81.1,53.4,11,23,14,7,43"
"136,Gabriel Dos Santos\67ac5bb8,86.0,27010,7820,91.3,93.5,65.8,2,82,3,2,53"
"137,Abdoulaye Doucouré\02b29014,86.0,20026,4093,87.9,90.3,79.6,18,69,21,1,65"
"138,Martin Dúbravka\3a949a25,72.6,9691,5363,100.0,97.6,51.5,0,2,0,0,0"
"139,Paul Dummett\3fe6bd8c,76.8,7707,3851,92.5,83.0,43.7,4,31,5,2,23"
"140,Lewis Dunk\282f75f3,90.0,45296,12437,94.5,95.1,77.5,9,116,2,0,70"
"141,Jimmy Dunne\1fdfd6da,71.2,2320,570,78.4,76.5,57.9,2,1,1,0,2"
"142,Ederson\3bb7b8b4,83.1,24435,13863,97.0,99.2,59.9,1,7,2,0,1"
"143,Kyle Edwards\1566e437,85.7,420,91,100.0,92.3,0.0,0,3,0,0,3"
"144,John Egan\debe38a0,84.6,21851,6700,91.3,91.3,69.4,3,81,7,1,58"
"145,Anthony Elanga\2fba6108,81.1,672,121,89.3,84.6,83.3,1,4,0,0,2"
"146,Ahmed Elmohamady\615ef733,78.1,8878,3641,91.9,77.8,58.4,13,36,26,8,48"
"147,Mohamed Elneny\47a34c4f,93.4,18475,3672,95.2,96.2,86.6,4,77,9,0,60"
"148,Jonny Evans\f8fcd2a5,87.5,33869,10330,92.3,94.2,68.9,8,92,3,0,63"
"149,Eberechi Eze\ae4fc6a4,79.3,14737,4359,89.2,82.5,48.9,39,77,32,3,111"
"150,?ukasz Fabia?ski\9328b835,60.5,24399,17382,98.2,97.9,48.2,0,19,0,0,0"
"151,Fabinho\7f3b388c,91.1,38166,9896,93.7,94.7,77.7,3,110,16,1,102"
"152,Bruno Fernandes\507c7bdf,74.6,32546,9338,85.7,79.8,57.2,94,177,96,8,227"
"153,Federico Fernández\f25b010f,80.2,14632,4358,86.4,88.9,62.7,5,19,3,2,19"
"154,Fernandinho\101da2b5,87.7,16840,4565,91.4,90.8,73.6,12,135,17,2,96"
"155,Sam Field\bd8a7d05,65.2,223,41,71.4,80.0,33.3,0,1,0,0,2"
"156,Roberto Firmino\4c370d81,79.7,15705,3943,85.5,80.5,70.3,46,85,43,0,134"
"157,John Fleck\b63e789d,78.0,15645,4958,91.0,82.0,46.0,34,113,25,4,103"
"158,Phil Foden\ed1e53f3,82.0,10452,2218,90.7,83.9,48.3,34,40,24,2,60"
"159,Wesley Fofana\132a82f1,88.2,31056,8308,91.6,92.5,75.7,6,112,1,0,78"
"160,Pablo Fornals\82927de4,77.3,14075,4100,87.0,78.0,58.2,30,72,32,5,108"
"161,Fraser Forster\c3e39f12,56.2,4532,2980,100.0,93.2,32.5,0,1,0,0,0"
"162,Timothy Fosu-Mensah\a9142dc3,86.7,1070,258,88.2,94.1,50.0,2,4,1,1,1"
"163,Tyrese Francois\6722d4f0,93.3,211,88,88.9,100.0,,0,0,0,0,3"
"164,Ryan Fraser\d56543a0,65.9,4220,1330,86.2,71.4,35.2,25,7,10,9,17"
"165,Fred\b853e0ad,88.2,30912,7561,91.2,92.5,81.7,24,174,18,0,149"
"166,Ryan Fredericks\c067631c,72.8,2971,1082,85.7,70.1,32.0,13,9,13,7,15"
"167,Christian Fuchs\a67a09fb,81.2,9088,3503,89.1,85.2,59.1,1,42,2,1,33"
"168,Darnell Furlong\3ec9195b,59.5,13398,6065,78.0,60.7,37.5,17,59,18,14,78"
"169,Conor Gallagher\c2731c10,77.9,13360,3015,84.3,88.5,54.8,18,76,15,2,54"
"170,Eric García\2bed3eab,93.6,6792,1869,94.9,97.7,81.8,2,29,0,0,16"
"171,Dwight Gayle\e58a03c6,79.8,1216,156,88.4,80.0,33.3,6,0,2,0,3"
"172,Jean-Philippe Gbamin\6bd603db,66.7,122,36,75.0,66.7,100.0,0,1,0,0,1"
"173,David de Gea\7ba6d84e,77.1,12242,7361,99.2,96.3,53.6,0,4,0,0,0"
"174,Anwar El Ghazi\ffa90327,70.5,6996,1939,82.3,73.4,48.1,24,27,18,10,39"
"175,Kieran Gibbs\46ee5234,72.2,3929,1436,88.8,73.5,38.9,3,15,3,3,16"
"176,Morgan Gibbs-White\32f60ed8,80.9,3219,704,84.8,87.3,62.9,9,16,3,0,22"
"177,Billy Gilmour\df10e27c,89.3,3746,531,95.0,89.7,77.8,3,15,1,0,9"
"178,Olivier Giroud\16ceb862,74.2,2002,251,76.6,70.7,100.0,7,7,1,0,7"
"179,Ben Godfrey\9f7c837d,84.6,21710,5735,88.3,91.1,67.0,1,58,5,2,51"
"180,André Gomes\1961b2aa,83.2,14845,3523,87.5,87.3,70.6,15,82,13,2,80"
"181,Joe Gomez\7a11550b,90.2,11406,3067,93.4,93.9,80.5,1,30,0,0,38"
"182,Anthony Gordon\2bd83368,84.6,365,94,92.3,100.0,50.0,1,1,2,0,3"
"183,Karlan Grant\87f7500e,73.2,2453,345,79.2,84.6,62.5,0,5,6,0,9"
"184,Demarai Gray\4468ec10,63.6,116,11,100.0,100.0,50.0,0,1,0,0,0"
"185,Jack Grealish\b0b4fd3e,78.5,14722,5062,85.2,84.8,59.5,83,84,72,4,168"
"186,Mason Greenwood\58eee997,83.1,9990,1630,88.5,86.9,64.6,15,26,17,3,42"
"187,Pascal Groß\8aec0537,75.5,25820,7297,85.4,83.5,55.7,67,81,50,17,129"
"188,Kamil Grosicki\81d8091f,65.3,532,171,81.3,75.0,20.0,3,4,1,0,5"
"189,Vicente Guaita\ab13a5aa,55.4,22645,16235,98.8,96.9,40.4,0,7,0,0,0"
"190,?lkay Gündo?an\819b3158,91.0,26232,4924,94.5,93.1,76.2,42,140,35,2,118"
"191,Antwoine Hackford\a7588cdc,100.0,4,0,,,,0,0,0,0,0"
"192,Sébastien Haller\ba115a40,67.9,2749,525,72.3,72.3,60.7,9,13,5,1,19"
"193,Rekeem Harper\3c066877,81.3,242,33,83.3,100.0,33.3,0,2,0,0,1"
"194,Jack Harrison\aa849a12,67.8,13468,4538,78.9,75.6,40.3,58,37,65,20,111"
"195,Kortney Hause\bf8fad51,78.2,3950,1252,83.0,88.3,59.7,0,11,0,0,10"
"196,Kai Havertz\fed7cb61,86.1,9572,1457,91.0,87.0,80.4,17,34,19,2,42"
"197,Isaac Hayden\c951a6df,79.6,12063,2698,84.9,87.0,67.5,5,48,3,1,41"
"198,Michael Hector\5f1a2f31,79.4,3485,1313,84.0,94.0,60.9,1,10,1,0,11"
"199,Ahmed Hegazi\5540c9dc,71.2,829,381,84.6,72.0,61.5,0,1,0,0,2"
"200,Dean Henderson\e5a76dfe,75.2,6021,3376,100.0,100.0,44.6,0,4,0,0,0"
"201,Jordan Henderson\935e6b8f,86.8,32801,8619,92.0,94.5,66.5,12,206,30,1,145"
"202,Jeff Hendrick\989d5705,80.5,7532,1770,84.0,89.7,67.1,4,27,5,1,35"
"203,Pablo Hernández\c0398aca,74.2,5651,1947,82.2,80.7,61.8,6,48,13,1,63"
"204,Son Heung-min\92e7e919,76.7,14606,3244,86.7,79.4,46.6,77,32,29,2,64"
"205,Ki-Jana Hoever\9a71e978,74.1,4487,1573,85.9,74.1,54.1,3,14,3,1,14"
"206,Rob Holding\d79a8c87,89.3,35516,9876,95.4,93.7,75.4,4,120,6,0,101"
"207,Mason Holgate\d0042ab9,78.8,21912,7615,87.2,86.0,62.7,9,59,12,4,67"
"208,Conor Hourihane\fcab00a0,74.8,2503,557,88.6,81.3,58.7,4,18,2,1,9"
"209,Callum Hudson-Odoi\15f3ec41,82.2,9055,2150,89.2,84.2,63.0,31,24,38,11,55"
"210,Niall Huggins\6d646ff7,73.9,240,57,78.6,100.0,0.0,0,1,0,0,0"
"211,Pierre Højbjerg\8b04d6c1,88.9,45264,12219,91.6,91.3,77.3,17,235,20,4,193"
"212,Odion Ighalo\03622183,100.0,7,0,100.0,,,0,0,0,0,0"
"213,Kelechi Iheanacho\c92e1a31,79.8,5838,924,87.6,83.1,59.2,25,21,22,5,29"
"214,Danny Ings\07802f7f,66.3,5196,1437,77.4,67.8,42.9,22,29,19,6,49"
"215,Branislav Ivanovi?\85f8571a,85.2,5966,1426,89.2,90.2,73.2,1,11,3,0,10"
"216,Alex Iwobi\6ca5ec4b,77.0,9911,2938,88.0,80.4,61.1,16,35,26,9,73"
"217,José Izquierdo\ca2bc3df,88.9,127,13,100.0,80.0,,0,0,0,0,0"
"218,Phil Jagielka\3233eefd,76.3,3668,1007,87.2,80.3,69.0,0,4,0,0,5"
"219,Alireza Jahanbakhsh\08452314,74.0,3308,778,80.6,82.0,51.4,11,4,19,5,21"
"220,Daniel James\c931d9f9,78.0,3257,754,85.8,77.3,63.6,10,6,12,3,25"
"221,Reece James\1265a93a,85.0,31436,8069,92.4,89.5,64.1,40,81,45,24,111"
"222,Alexandre Jankewitz\7c39363f,66.7,31,25,100.0,100.0,,0,0,1,0,1"
"223,Daniel Jebbison\03edb878,70.6,308,38,76.2,66.7,50.0,1,2,0,0,1"
"224,Gabriel Jesus\b66315ae,84.6,8741,1055,88.7,85.7,72.7,28,23,14,1,31"
"225,Raúl Jiménez\b561db50,78.7,3241,561,84.0,81.3,68.8,8,16,9,0,19"
"226,Joelinton\c17bfb65,73.9,6190,1191,83.1,73.9,60.0,17,17,9,2,26"
"227,Ben Johnson\9319781b,70.3,2655,1075,91.5,69.7,42.5,4,12,3,3,15"
"228,Sam Johnstone\9e5708be,49.9,26989,18771,100.0,94.8,39.3,1,26,0,0,0"
"229,Curtis Jones\4fb9c88f,91.2,15013,3201,93.1,94.7,81.9,13,97,22,2,66"
"230,Jorginho\45db685d,89.5,27960,6525,93.5,91.4,73.4,24,140,20,1,115"
"231,Willian José\d87e2cae,81.4,4406,570,86.4,85.1,82.1,11,14,3,0,12"
"232,Diogo Jota\178ae8f8,72.5,5377,1228,81.8,74.2,61.2,12,33,14,0,46"
"233,James Justin\fb614c44,79.2,16540,5520,89.0,83.1,48.6,18,56,33,7,92"
"234,Ozan Kabak\2d61d13a,90.6,10365,2683,93.3,97.0,70.4,1,16,0,0,15"
"235,Aboubakar Kamara\4047c976,71.9,1504,409,80.7,85.4,33.3,6,4,4,1,11"
"236,Harry Kane\21a66f6a,70.1,12519,3835,77.9,74.7,60.0,48,98,41,7,125"
"237,N'Golo Kanté\b9fbae28,86.6,23870,5264,88.9,91.0,73.9,21,99,12,1,101"
"238,Moise Kean\3d50bcdb,77.8,124,0,66.7,100.0,100.0,0,0,0,0,0"
"239,Michael Keane\c5b7c315,88.9,37031,11779,90.8,94.9,74.2,8,104,6,0,87"
"240,Neeskens Kebano\18b999f4,78.6,409,99,100.0,54.5,33.3,0,1,0,0,2"
"241,Naby Keïta\f25c8e3a,87.4,5328,1190,86.1,94.3,77.1,6,31,10,1,32"
"242,Caoimhín Kelleher\62d7ef38,82.3,1459,732,100.0,100.0,63.3,0,0,0,0,0"
"243,Martin Kelly\d7492450,100.0,28,5,100.0,,,0,0,0,0,0"
"244,Jonjoe Kenny\099e666f,77.0,783,221,96.6,65.0,75.0,0,3,1,0,4"
"245,Reda Khadra\88acf83f,0.0,0,0,0.0,,,0,0,0,0,0"
"246,Max Kilman\d0f72bf1,88.6,12284,4172,95.0,93.4,59.6,4,52,2,0,40"
"247,Joshua King\43458538,70.8,561,108,69.6,83.3,75.0,0,0,1,0,4"
"248,Mateusz Klich\282679b4,79.3,20394,5286,87.1,82.6,61.5,46,105,41,6,140"
"249,Robin Koch\ea6bc03a,85.6,13825,4119,83.4,94.9,63.0,4,36,3,0,44"
"250,Sead Kolašinac\3935e52e,84.4,801,177,85.7,91.7,33.3,0,3,1,0,4"
"251,Terence Kongolo\1f9a3a04,94.9,723,293,92.3,95.7,100.0,1,3,1,1,3"
"252,Ezri Konsa\0313a347,86.5,24313,5976,88.0,93.5,72.1,1,38,2,0,36"
"253,Cheikhou Kouyaté\8d3c902d,78.8,19698,6299,85.1,87.1,59.7,6,39,3,1,33"
"254,Mateo Kova?i?\79c0821a,91.0,30881,7418,93.1,93.8,81.2,23,164,24,0,165"
"255,Emil Krafth\77cf6852,72.5,7198,3240,83.3,75.2,52.2,6,23,3,3,19"
"256,Filip Krovinovi?\c2dfedeb,84.4,5338,1511,89.2,87.0,70.5,5,37,7,0,40"
"257,Alexandre Lacazette\9dbb75ca,78.2,6066,1247,79.5,85.4,61.4,18,24,21,0,46"
"258,Adam Lallana\99813635,84.7,12397,2974,89.8,86.7,67.5,27,58,28,3,83"
"259,Érik Lamela\abe66106,78.5,4889,1022,86.4,83.8,63.0,8,22,10,0,29"
"260,Tariq Lamptey\f4e433d4,78.0,6346,1711,89.3,75.0,57.1,11,12,12,7,27"
"261,Manuel Lanzini\26f6dca8,88.9,5291,1311,92.1,91.7,67.7,11,25,4,0,20"
"262,Aymeric Laporte\119b9a8e,92.0,24147,6963,94.9,95.9,79.9,4,108,5,0,72"
"263,Jamaal Lascelles\450ab6fc,81.3,10618,3333,89.0,91.3,56.0,1,30,5,0,32"
"264,Maxime Le Marchand\321a71a7,95.1,1841,642,100.0,95.6,88.9,0,3,1,0,6"
"265,Mario Lemina\2b471f99,85.3,15079,3711,87.8,89.7,71.2,10,60,15,1,56"
"266,Bernd Leno\2628fd2b,79.8,22005,11152,100.0,99.3,46.0,0,5,0,0,2"
"267,Khanya Leshabela\383e68b1,77.8,98,38,80.0,100.0,100.0,0,1,0,0,1"
"268,Jamal Lewis\efb9215a,76.2,11069,4545,88.0,80.5,50.4,15,34,16,10,31"
"269,Victor Lindelöf\f5deef4c,91.1,32452,10570,94.4,95.9,72.3,6,99,6,0,92"
"270,Jesse Lingard\810e3c74,81.3,8598,2289,88.3,85.1,57.8,17,58,26,4,65"
"271,Jake Livermore\b98570d1,74.3,4979,1148,82.2,75.5,58.1,5,29,2,1,25"
"272,Diego Llorente\bba30585,85.4,13050,3174,87.0,91.4,72.8,4,28,1,0,23"
"273,Hugo Lloris\8f62b6ee,71.5,21867,13918,99.5,98.2,48.2,0,6,0,0,0"
"274,Giovani Lo Celso\d7553721,78.9,8364,2205,88.8,82.5,61.4,14,44,11,0,58"
"275,Ruben Loftus-Cheek\e97fd090,68.8,166,22,100.0,80.0,33.3,0,1,0,0,1"
"276,Ruben Loftus-Cheek\e97fd090,83.1,9651,2183,85.9,88.4,71.2,15,62,12,2,71"
"277,Kevin Long\5a4280b1,71.0,4324,1387,82.0,78.4,57.5,0,9,2,0,15"
"278,Shane Long\9f472354,64.4,494,168,79.4,50.0,100.0,0,3,0,0,4"
"279,Matthew Longstaff\c0027d2d,79.1,2121,341,82.8,88.0,63.3,2,4,1,1,3"
"280,Sean Longstaff\a2b105e0,79.0,9478,2178,88.3,88.0,60.5,11,41,2,1,40"
"281,Ademola Lookman\7c104bb7,75.3,14977,4309,85.3,82.4,48.3,60,46,42,5,105"
"282,Max Lowe\7af88b33,65.0,2360,772,79.8,66.7,38.2,3,14,5,1,16"
"283,Matthew Lowton\9a9c05db,68.8,20277,9177,90.5,71.9,42.1,24,120,43,10,131"
"284,David Luiz\c0e27d1a,83.6,18737,5266,91.2,93.2,65.6,2,66,8,0,61"
"285,Douglas Luiz\6f7d826d,84.8,25159,5671,90.3,89.9,74.8,19,127,15,3,106"
"286,John Lundstram\0df2b165,81.0,15138,3357,92.7,88.2,49.7,19,59,12,2,59"
"287,Alexis Mac Allister\83d074ff,79.4,5542,1298,84.1,83.1,72.9,15,24,17,0,36"
"288,James Maddison\ee38d9c5,77.3,15126,4144,88.2,83.5,52.2,52,86,35,5,101"
"289,Harry Maguire\d8931174,89.0,42647,12352,91.0,93.3,79.1,7,194,8,1,104"
"290,Riyad Mahrez\892d5bb1,84.2,14951,3135,91.8,86.9,60.2,41,35,52,6,88"
"291,Ainsley Maitland-Niles\e3a5814e,78.5,4033,1102,86.5,86.1,52.4,3,15,3,1,14"
"292,Ainsley Maitland-Niles\e3a5814e,76.6,4599,1301,82.5,76.5,65.9,5,18,8,1,34"
"293,Josh Maja\bc0bfc64,87.7,2511,198,90.3,94.6,93.3,8,4,4,0,7"
"294,Sadio Mané\c691bfe2,75.4,13522,2878,80.7,79.5,71.0,57,37,67,10,105"
"295,Javier Manquillo\758dd7f0,74.0,4706,2027,92.0,69.2,44.6,4,15,4,2,21"
"296,Fernando Marçal\9ae9eaea,82.7,5445,2032,93.5,83.8,60.7,4,15,2,1,24"
"297,Solly March\bb5fbd2b,69.8,12847,4328,85.3,74.6,45.9,27,39,34,13,77"
"298,Pablo Marí\aa54ec6f,90.7,10977,2753,95.3,97.7,67.3,0,20,0,0,19"
"299,Anthony Martial\8b788c01,82.8,5653,1141,88.6,83.3,80.0,15,26,15,0,43"
"300,Martinelli\48a5a5d6,79.2,1863,421,84.1,82.1,50.0,9,2,7,3,8"
"301,Emiliano Martínez\7956236f,65.6,28998,18873,100.0,99.7,44.4,2,27,1,0,0"
"302,Arthur Masuaku\57df7a11,80.1,7513,2551,90.1,79.5,62.1,13,25,16,10,39"
"303,Juan Mata\29733c72,84.0,3813,827,92.5,83.9,64.7,8,18,4,1,19"
"304,Jean-Philippe Mateta\50e6dc35,60.8,334,67,83.3,26.7,,1,1,0,0,3"
"305,Nemanja Mati?\eb7822d7,90.5,16853,4366,93.3,92.9,80.7,7,83,10,3,79"
"306,Joël Matip\b217ef29,88.4,10052,2584,93.4,94.5,70.2,2,30,1,0,15"
"307,Neal Maupay\4bcf39f6,77.4,7903,1364,82.3,83.8,61.7,31,32,28,4,41"
"308,James McArthur\cee31595,81.5,11897,3424,87.0,88.1,64.8,13,63,6,0,60"
"309,Oliver McBurnie\78b8ac63,62.9,3690,1051,67.9,61.7,63.6,14,21,16,0,43"
"310,Alex McCarthy\36c2ca73,64.3,18362,11429,99.5,99.0,35.7,0,7,2,0,0"
"311,James McCarthy\64b08de7,77.2,5343,1306,84.0,84.7,62.0,6,26,4,3,24"
"312,John McGinn\90f91999,77.3,23733,7706,86.1,81.9,65.0,40,179,44,6,179"
"313,David McGoldrick\dbe56a33,74.4,11570,2027,80.0,75.7,65.3,15,48,24,3,68"
"314,Dwight McNeil\fc15fb84,68.9,18456,5542,87.4,78.3,45.8,50,74,41,24,77"
"315,Scott McTominay\d93c2511,87.3,21728,5711,91.6,90.1,75.6,14,109,9,1,104"
"316,Ben Mee\8df7a2fb,75.1,18309,6982,85.9,85.0,57.0,6,51,1,0,64"
"317,Hannibal Mejbri\ca22ccb0,100.0,58,25,100.0,,100.0,0,1,0,0,1"
"318,Benjamin Mendy\5271c8f1,81.7,9755,2601,88.0,87.6,60.0,5,28,10,3,49"
"319,Edouard Mendy\33887998,84.6,20804,10309,99.0,99.3,59.0,0,4,0,0,0"
"320,Nampalys Mendy\1598599e,91.4,15259,3059,93.1,93.4,80.2,6,78,0,0,49"
"321,Illan Meslier\6b625ac2,80.9,27992,13228,99.2,98.7,56.2,1,2,0,0,0"
"322,Luka Milivojevi?\2ce2508a,81.1,20757,6655,88.7,85.7,66.5,20,104,13,2,108"
"323,James Milner\2f90f6b8,84.9,14666,4242,92.2,89.7,71.9,13,76,26,5,89"
"324,Yerry Mina\6d5701f2,90.9,23055,6367,93.9,95.5,74.8,0,49,0,0,45"
"325,Takumi Minamino\f833a830,79.9,1589,332,90.4,81.6,25.0,0,11,2,0,4"
"326,Takumi Minamino\f833a830,72.4,2866,533,79.2,78.4,42.3,5,11,5,0,17"
"327,Tyrone Mings\8397a50c,79.6,29862,11824,88.9,92.1,55.6,7,120,6,2,108"
"328,Tyrick Mitchell\5cbd1eb0,70.2,8911,5506,85.1,71.4,43.5,3,50,10,6,55"
"329,Aleksandar Mitrovi?\3925dbd6,76.0,3977,615,81.2,71.0,66.7,22,12,13,1,20"
"330,Jakub Moder\f230bc30,74.6,2874,870,87.4,78.9,25.0,3,17,7,0,21"
"331,Jayson Molumby\c908a1bc,0.0,0,0,,,0.0,0,0,0,0,0"
"332,Wesley Moraes\bfae110f,100.0,30,0,100.0,,,0,0,0,0,0"
"333,Wes Morgan\80c31c97,100.0,93,78,100.0,100.0,,0,0,0,0,2"
"334,Mason Mount\9674002f,82.3,27434,7401,89.9,86.4,66.1,90,144,58,7,182"
"335,Lucas Moura\2b622f01,74.7,6841,1695,81.9,82.0,39.7,16,30,14,3,47"
"336,Lys Mousset\d9cfca3d,80.0,671,93,77.8,83.3,66.7,3,5,0,0,3"
"337,João Moutinho\f5a00fa4,84.8,30715,7297,91.6,91.2,66.2,47,117,19,6,123"
"338,Joel Mumbongo\f8e588df,83.3,52,0,100.0,100.0,,0,0,0,0,0"
"339,Jacob Murphy\de112b84,68.4,7545,3364,83.9,72.3,46.1,18,26,28,10,44"
"340,Shkodran Mustafi\3f2d59fe,85.4,1100,210,100.0,91.2,66.7,0,2,0,0,4"
"341,Marvelous Nakamba\de5b5570,85.7,4243,950,88.4,89.2,69.8,1,16,0,0,9"
"342,Iliman Ndiaye\5ed97752,100.0,35,16,100.0,100.0,,0,0,0,0,1"
"343,Wilfred Ndidi\6b47c5db,88.1,22396,4643,88.8,93.6,78.2,15,80,4,0,57"
"344,Tanguy Ndombele\5cdddffa,85.3,15903,4088,89.6,85.4,73.6,16,91,22,0,101"
"345,Reiss Nelson\c5bdb6e3,56.7,319,94,100.0,66.7,22.2,0,2,1,0,2"
"346,Pedro Neto\7ba2eaa9,78.8,15501,3302,91.4,81.3,49.7,60,34,39,24,53"
"347,Rúben Neves\44bfb6c5,84.3,38493,8615,88.0,90.1,75.6,32,203,21,2,140"
"348,Eddie Nketiah\a53649b7,82.0,1014,102,81.4,83.3,100.0,5,3,2,0,3"
"349,Niels Nkounkou\f5b281e7,79.4,480,107,100.0,80.0,50.0,0,3,0,0,2"
"350,Dan Nlundulu\30040f5d,66.7,398,55,62.5,91.7,100.0,1,3,1,0,2"
"351,Mark Noble\ff527768,87.2,7323,1739,90.7,92.0,80.3,5,41,6,3,25"
"352,Will Norris\c73ada83,48.2,1551,1393,100.0,100.0,42.0,1,8,1,0,1"
"353,Oliver Norwood\43439614,79.6,27097,7444,88.8,87.2,62.1,31,131,29,10,106"
"354,Jack O'Connell\312626c1,77.9,1225,531,95.8,80.0,60.0,0,4,2,0,6"
"355,Dara O'Shea\1d042188,66.0,12412,5876,86.1,71.8,45.4,6,70,4,0,57"
"356,Michael Obafemi\caa1a7f0,86.7,178,29,88.9,75.0,100.0,1,1,0,0,1"
"357,Denis Odoi\f7750aa0,82.7,3165,1036,90.0,87.8,69.4,1,11,2,1,10"
"358,Angelo Ogbonna\74b2cd7e,84.4,17791,4668,89.3,91.6,64.8,3,27,0,0,26"
"359,Robin Olsen\e7ee38c3,71.4,4967,3508,100.0,100.0,54.0,0,2,0,0,0"
"360,Josh Onomah\6612cd8c,89.8,2404,472,89.2,96.7,70.6,2,12,3,0,16"
"361,Divock Origi\43a166b4,76.7,564,77,86.7,75.0,0.0,2,2,0,0,1"
"362,Ben Osborn\79bc4c45,78.9,10376,3744,90.3,83.8,41.8,19,54,28,11,70"
"363,Owen Otasowie\6956ff08,70.3,691,118,66.7,80.0,57.1,2,0,0,0,2"
"364,Alex Oxlade-Chamberlain\38c7feef,75.4,2185,456,76.0,79.6,86.4,2,17,2,0,15"
"365,Emerson Palmieri\e0bc6fdc,81.0,927,203,96.4,78.9,72.7,0,1,1,1,0"
"366,Thomas Partey\529f49ab,86.9,18748,5119,90.9,90.4,73.6,12,124,10,0,108"
"367,Rui Patrício\79b0d6a0,66.8,18083,11654,99.0,97.6,50.9,0,5,0,0,0"
"368,Bailey Peacock-Farrell\4879f8cb,51.3,3210,2706,100.0,92.3,45.9,0,6,0,0,0"
"369,Lee Peltier\af341b88,63.2,895,258,91.3,78.6,23.8,1,4,2,1,2"
"370,Nicolas Pépé\57e3f0c7,75.7,7447,1466,84.3,81.5,47.5,11,17,17,1,40"
"371,Matheus Pereira\b04ee927,71.8,13122,4427,85.7,77.2,43.4,57,64,43,9,95"
"372,Ricardo Pereira\75a72a99,78.3,6621,2242,85.7,81.1,55.1,9,19,11,1,44"
"373,Ayoze Pérez\819aa8e7,76.6,5452,1421,85.6,76.2,48.8,23,26,27,5,54"
"374,Kalvin Phillips\4f565d77,82.8,28517,7192,89.6,89.6,71.7,34,139,16,3,104"
"375,Matt Phillips\7bb5f40e,69.3,6869,2326,81.6,71.1,48.0,27,21,21,14,42"
"376,Nathaniel Phillips\515ebe8d,87.2,19944,6161,91.7,94.1,68.8,6,79,2,0,60"
"377,Jaden Philogene Bidace\19f4d211,50.0,38,0,33.3,100.0,,0,0,0,0,0"
"378,Jordan Pickford\4806ec67,66.1,26383,18594,98.9,98.4,46.9,1,30,1,0,0"
"379,Erik Pieters\1ef37668,74.8,7764,2960,88.2,83.3,41.0,6,33,4,1,31"
"380,Daniel Podence\7fcc71d8,75.2,8742,2328,84.2,75.8,66.7,23,45,21,3,66"
"381,Paul Pogba\867239d3,82.8,21208,5036,88.9,89.0,66.8,24,113,34,3,111"
"382,Nick Pope\4b40d9ca,50.7,22939,18453,92.9,94.2,42.8,3,34,1,0,1"
"383,Dennis Praet\86695068,79.2,3875,850,90.0,77.3,46.7,7,10,7,2,20"
"384,Davy Pröpper\fdd85f94,76.0,1416,432,75.8,81.3,72.7,0,7,5,1,13"
"385,Christian Pulisic\1bf33a9a,80.0,8355,1840,85.7,79.6,66.7,26,31,40,2,66"
"386,Aaron Ramsdale\466fb2c5,49.1,24918,19336,96.6,98.1,37.4,2,52,0,0,0"
"387,Jacob Ramsey\1544f145,85.5,3360,717,87.8,88.8,83.3,6,16,1,1,15"
"388,Kayne Ramsey\dc31b84c,69.2,286,101,85.7,80.0,25.0,0,0,0,0,0"
"389,Darren Randolph\6385ebfb,54.5,1311,986,100.0,100.0,37.5,0,0,0,0,0"
"390,Marcus Rashford\a1d5bd30,80.6,15841,3175,87.5,83.8,64.3,41,34,56,6,96"
"391,Tim Ream\28b40c9c,91.2,8687,2742,96.2,96.5,76.6,0,31,0,0,24"
"392,Nathan Redmond\ab651565,75.9,9326,2326,83.1,77.1,65.8,29,35,31,5,74"
"393,Harrison Reed\803ae100,86.4,24280,5739,92.3,90.8,68.0,22,86,18,4,97"
"394,Sergio Reguilón\3353737a,77.2,18509,6530,88.8,81.9,41.9,17,60,27,16,82"
"395,Bobby Reid\0f7533cd,74.1,10197,2922,85.6,77.4,45.0,15,38,28,6,60"
"396,Declan Rice\1c7012b8,86.2,25003,6065,90.5,90.3,73.6,19,113,21,9,94"
"397,Lewis Richardson\4fa62ae4,0.0,0,0,0.0,,,0,0,0,0,0"
"398,Richarlison\fa031b34,69.2,8273,1745,79.2,71.3,58.1,25,24,14,1,42"
"399,Jaïro Riedewald\7a1f2c08,84.9,9123,2310,88.7,87.3,72.4,11,46,8,0,42"
"400,Matt Ritchie\71ef519e,67.7,7978,3480,87.6,76.4,38.8,24,27,18,13,37"
"401,Tyler Roberts\6c17e046,72.2,5289,1239,77.6,77.2,50.9,15,25,22,1,43"
"402,Andrew Robertson\2e4f5f03,79.9,47107,15919,88.2,87.1,49.5,66,177,66,26,265"
"403,Antonee Robinson\289601e6,72.6,18310,7073,85.1,78.4,47.8,28,40,43,25,87"
"404,Callum Robinson\e75750a3,70.8,5031,1145,81.3,78.2,49.2,14,21,12,7,21"
"405,Jack Robinson\7399c7a8,80.6,6743,2333,91.7,85.6,57.3,1,24,1,0,20"
"406,Hal Robson-Kanu\fb2dec57,74.4,941,238,82.5,72.7,58.3,6,7,2,1,9"
"407,Marek Rodák\17acc2ed,80.4,959,536,100.0,100.0,57.1,0,0,0,0,0"
"408,Joe Rodon\8d62d31a,88.8,7783,1857,91.8,94.1,71.8,0,9,0,0,10"
"409,Rodri\6434f10d,91.5,50166,10296,94.0,93.4,86.3,27,239,17,1,156"
"410,Rodrigo\1fb1c435,75.4,7609,1732,83.3,78.5,63.6,28,39,20,4,57"
"411,James Rodríguez\715bf047,79.1,18324,5584,86.5,86.7,65.5,43,104,41,7,132"
"412,Jay Rodriguez\4ab53cdb,73.5,2682,611,80.0,70.1,44.4,8,11,7,1,22"
"413,Oriol Romeu\4b511457,82.8,17575,3666,87.7,88.0,54.6,14,62,15,1,87"
"414,John Ruddy\da8b19e2,79.2,524,323,100.0,100.0,64.3,0,0,0,0,0"
"415,Antonio Rüdiger\18b896d6,90.8,27991,7649,96.5,96.1,70.5,3,111,4,1,52"
"416,Mathew Ryan\4535e4bb,78.7,8454,4146,100.0,100.0,52.0,0,1,0,0,0"
"417,Mathew Ryan\4535e4bb,92.5,1535,794,100.0,100.0,76.2,0,0,0,0,0"
"418,Allan Saint-Maximin\2b16cb1a,79.8,5913,1360,85.5,84.1,69.2,28,27,10,2,46"
"419,Romain Saïss\9fbbcf39,82.0,25009,10518,93.0,88.6,62.6,6,106,8,3,106"
"420,Bukayo Saka\bc7dc64d,74.9,13388,3443,85.8,81.5,38.1,38,55,29,8,64"
"421,Mamadou Sakho\87935cf3,87.8,1518,639,84.6,100.0,72.7,0,2,0,0,3"
"422,Mohamed Salah\e342ad68,83.2,16219,3877,90.8,83.6,63.0,54,61,74,12,137"
"423,Mohammed Salisu\0b33f6ad,82.4,5129,1850,91.1,85.1,60.0,1,16,0,0,18"
"424,Davinson Sánchez\da7b447d,86.9,18273,4714,91.2,92.7,71.6,0,20,1,0,29"
"425,Robert Sánchez\6a713852,71.6,23930,12677,98.3,99.2,48.3,0,25,0,0,1"
"426,Morgan Sanson\6e7f1353,75.8,2089,516,84.8,86.7,44.0,1,7,1,0,9"
"427,Romaine Sawyers\77bb1522,85.0,11796,3172,88.9,88.8,75.7,5,57,5,2,53"
"428,Dane Scarlett\21945a9e,,0,0,,,,0,0,0,0,0"
"429,Fabian Schär\c8aa95da,77.7,10909,4622,89.9,87.7,59.1,1,40,12,0,39"
"430,Jeffrey Schlupp\3312f911,70.9,4887,1406,76.8,74.2,53.8,17,31,10,2,36"
"431,Kasper Schmeichel\53af52f3,72.7,27045,14438,98.3,98.5,52.4,0,7,0,0,0"
"432,Nélson Semedo\d04b94db,81.4,24883,7784,91.4,83.4,57.8,20,93,24,14,100"
"433,Femi Seriki\e4e0deaa,,0,0,,,,0,0,0,0,0"
"434,Jamie Shackleton\8d03ca5a,88.3,2900,627,90.8,90.1,86.7,2,7,2,1,7"
"435,Xherdan Shaqiri\6421ec64,83.6,6282,1550,90.2,86.3,71.9,19,25,26,5,39"
"436,Billy Sharp\e8c9f4e9,69.9,1158,168,78.0,70.5,0.0,4,2,3,0,6"
"437,Luke Shaw\9c94165b,81.6,25958,11037,91.8,85.2,47.0,71,87,46,16,154"
"438,Jonjo Shelvey\3727dd3c,73.8,25957,7702,86.3,83.0,57.7,38,132,23,5,110"
"439,Shola Shoretire\00f0482f,75.0,84,12,80.0,100.0,,0,1,0,0,0"
"440,Gylfi Sigurðsson\76dd1480,79.1,13596,3452,86.1,89.0,54.3,45,52,22,5,62"
"441,Bernardo Silva\3eb22ec9,89.7,21634,3378,94.1,91.8,78.3,32,81,32,0,72"
"442,Fábio Silva\e7aa9d7c,74.2,3155,438,83.4,77.6,42.9,11,8,6,0,17"
"443,Thiago Silva\86e7deaf,93.5,38049,11880,96.3,97.1,82.3,5,113,7,0,78"
"444,Moussa Sissoko\2acd49b9,84.1,11832,2567,87.0,89.9,67.6,5,50,6,2,36"
"445,Islam Slimani\ffec9769,72.7,108,16,83.3,60.0,,1,0,0,0,1"
"446,William Smallbone\5e105217,82.1,1113,243,90.3,91.2,36.4,0,4,1,0,5"
"447,Emile Smith Rowe\17695062,87.7,9532,1794,90.4,91.5,75.0,24,37,14,2,42"
"448,Robert Snodgrass\9f4647e9,78.9,1699,544,83.1,75.0,63.6,3,9,5,0,15"
"449,Robert Snodgrass\9f4647e9,100.0,35,13,100.0,,,0,0,0,0,0"
"450,Cédric Soares\839c14e1,75.8,5737,2100,87.7,76.1,48.4,6,29,7,2,27"
"451,Tomáš Sou?ek\6613c819,76.9,21845,5546,78.7,78.1,75.9,16,102,11,2,103"
"452,Ça?lar Söyüncü\21166ff4,89.0,22877,6879,93.2,93.6,64.2,4,74,5,3,72"
"453,Zack Steffen\42130443,82.1,512,236,100.0,100.0,58.3,0,0,0,0,0"
"454,Dale Stephens\653ee42d,83.1,1894,528,89.8,84.8,73.9,0,7,3,0,12"
"455,Jack Stephens\6adbc307,83.2,17222,6271,88.3,89.6,62.6,8,67,11,0,60"
"456,Raheem Sterling\b400bde0,85.4,12874,2421,91.1,89.2,62.0,38,38,29,5,62"
"457,Enda Stevens\17d4507a,77.5,19176,8176,91.3,80.2,47.1,18,88,30,8,116"
"458,John Stones\5eecec3d,94.3,31552,7992,95.8,96.8,85.7,2,113,4,0,75"
"459,Pascal Struijk\f4d296e4,87.1,24438,6594,89.9,93.3,72.1,5,48,2,0,47"
"460,Japhet Tanganga\e9971f2d,84.3,2898,1163,90.0,88.9,41.2,0,6,3,1,12"
"461,Matt Targett\e514ab62,77.0,30781,15309,89.5,79.6,54.3,44,159,53,15,222"
"462,James Tarkowski\15ea812b,72.0,20747,7676,77.3,81.7,59.9,10,69,13,2,76"
"463,Percy Tau\4d0eb7d2,75.9,322,67,73.3,90.9,0.0,3,1,1,0,2"
"464,Sidnei Tavares\3add8ed8,73.1,309,52,68.8,87.5,100.0,0,0,0,0,1"
"465,Charlie Taylor\cc2d7ad5,69.9,16840,7035,87.4,76.5,40.1,15,73,25,19,66"
"466,Neil Taylor\c2f9d19f,90.9,120,29,100.0,66.7,,0,0,0,0,0"
"467,Allan Tchaptchet\ab7d7882,0.0,0,0,0.0,,,0,0,0,0,0"
"468,Nathan Tella\f1e94cd6,73.3,1677,313,81.1,80.5,64.3,6,4,8,4,6"
"469,Alex Telles\e73c9bb2,80.5,7690,3146,94.0,84.8,41.3,12,35,14,2,50"
"470,Kenny Tete\77d7c96f,74.4,11784,4782,84.2,78.5,59.7,17,35,25,19,54"
"471,William Thomas Fish\b2ee9d2c,0.0,0,0,,0.0,,0,0,0,0,0"
"472,Luke Thomas\fc027d02,74.2,5636,1957,85.4,75.9,40.7,5,22,7,2,28"
"473,Youri Tielemans\56f7a928,78.6,38768,9963,88.2,86.7,52.4,48,212,43,4,206"
"474,Kieran Tierney\fce2302c,76.2,20866,6069,87.3,83.4,46.9,33,56,34,14,98"
"475,James Tomkins\e7ca0439,78.7,2909,907,88.9,93.1,55.8,1,12,0,0,4"
"476,Fikayo Tomori\7edfbb8a,93.1,574,161,100.0,94.4,80.0,0,0,0,0,0"
"477,Ferrán Torres\9e1035f8,81.4,5793,1046,87.1,87.3,45.8,18,16,15,2,34"
"478,Cenk Tosun\9a104dee,80.0,151,14,100.0,100.0,50.0,1,0,0,0,0"
"479,Andros Townsend\b28bbd58,67.9,10358,3963,84.5,74.1,41.1,39,42,40,20,75"
"480,Conor Townsend\4dc4f138,74.9,16373,7926,88.8,79.7,43.5,22,78,25,15,118"
"481,Adama Traoré\9a28eba4,65.9,9468,2410,77.6,67.6,50.5,56,43,26,16,63"
"482,Bertrand Traoré\c47541e0,71.1,10852,2636,81.3,78.1,52.0,33,28,26,7,62"
"483,Trézéguet\3ae14ed1,69.5,3782,1102,76.4,72.5,54.8,12,22,6,3,28"
"484,Leandro Trossard\38ceb24a,74.9,15607,4328,80.2,82.0,65.1,46,79,64,15,124"
"485,Kostas Tsimikas\f315ca93,75.0,118,0,100.0,50.0,50.0,0,0,0,0,0"
"486,Axel Tuanzebe\2baec6ce,89.7,4763,1047,93.8,93.2,81.4,0,9,0,0,10"
"487,Cengiz Ünder\1880614f,70.5,1556,499,82.0,78.9,52.6,6,5,10,4,10"
"488,Yan Valery\531a4aa8,82.8,883,269,92.6,92.9,33.3,0,0,2,1,2"
"489,Jamie Vardy\45963054,66.4,4478,717,71.4,68.2,60.6,27,13,11,0,25"
"490,Joël Veltman\dad4b285,77.3,22778,9083,87.5,81.7,54.2,21,96,35,13,121"
"491,Jannik Vestergaard\1900032e,84.3,29904,10850,92.6,89.0,62.6,7,98,9,0,73"
"492,Rúben Vinagre\b937e490,83.7,1310,324,91.7,77.5,77.8,0,2,1,1,2"
"493,Carlos Vinícius\8b529245,56.8,344,57,47.4,61.5,40.0,2,2,1,0,3"
"494,João Virgínia\728e9b2e,52.9,310,223,100.0,100.0,38.5,0,0,0,0,0"
"495,Vitinha\3b029691,88.1,4834,678,89.5,95.9,67.5,12,21,3,0,12"
"496,Jake Vokins\d484c261,90.9,371,115,100.0,100.0,0.0,2,0,2,1,3"
"497,Mat?j Vydra\0d4ceb32,72.6,2434,375,76.2,77.8,64.3,14,7,9,2,13"
"498,Theo Walcott\1ecb65be,100.0,18,10,,100.0,,0,0,0,0,0"
"499,Theo Walcott\1ecb65be,72.4,4385,925,82.5,71.4,37.1,17,19,14,4,27"
"500,Kyle Walker\86dd77d1,89.4,33841,8941,93.0,93.4,76.5,7,193,12,2,107"
"501,Kyle Walker-Peters\984a5a64,80.3,21589,7161,91.6,80.9,56.4,17,59,16,2,92"
"502,Aaron Wan-Bissaka\9e525177,86.0,26841,9551,92.1,87.5,56.8,30,88,33,14,125"
"503,Joel Ward\8a7ff278,72.6,13152,6479,87.5,74.7,42.7,7,61,10,2,69"
"504,James Ward-Prowse\3515d404,80.8,37952,10063,90.3,90.4,45.0,57,155,24,1,155"
"505,Ollie Watkins\aed3a70f,72.8,8190,1449,78.1,75.2,51.4,42,40,25,3,45"
"506,Caleb Watts\c7170b46,61.5,161,41,57.1,60.0,100.0,0,0,1,1,0"
"507,Adam Webster\c40b6180,82.7,32506,11319,86.8,89.9,67.3,6,132,7,1,110"
"508,Danny Welbeck\ce5143da,81.7,2962,603,84.9,88.9,75.0,22,13,6,1,21"
"509,Timo Werner\49fe9070,77.2,9609,1894,81.4,86.0,50.9,34,31,23,6,56"
"510,Ashley Westwood\495945ef,73.7,33232,10582,89.1,82.9,50.3,49,181,73,12,202"
"511,Ben White\35e413f1,83.2,30785,9425,90.2,89.3,64.3,8,111,20,2,116"
"512,Georginio Wijnaldum\eb58eef0,93.3,28047,5426,94.7,94.8,89.5,22,140,21,1,93"
"513,Brandon Williams\5e74d6c8,85.7,2062,741,93.9,81.8,85.7,1,8,2,1,6"
"514,Neco Williams\dd323728,73.2,2548,872,89.0,81.8,42.4,3,10,1,1,17"
"515,Rhys Williams\012c975a,92.0,9374,2316,91.0,95.4,86.9,2,21,1,0,13"
"516,Willian\8b9ebd03,79.3,11784,2300,88.3,84.2,56.3,29,34,30,10,49"
"517,Joe Willock\a3b03921,75.8,1078,279,83.3,82.4,33.3,2,9,4,1,6"
"518,Joe Willock\a3b03921,76.9,2983,1140,87.3,76.8,54.5,8,19,7,2,28"
"519,Callum Wilson\c596fcb0,69.7,3521,684,74.7,77.1,64.3,14,10,13,0,20"
"520,Harry Winks\2f7acede,84.2,10474,2951,91.3,90.0,65.5,5,73,6,0,54"
"521,Chris Wood\4e9a0555,66.9,5847,916,71.7,67.9,56.5,23,24,5,0,34"
"522,Granit Xhaka\e61b8aee,89.9,39353,10257,91.5,93.5,82.9,18,268,29,1,213"
"523,Andriy Yarmolenko\849c826a,79.0,2158,584,88.6,72.0,70.8,5,10,6,2,11"
"524,DeAndre Yedlin\ae0a7ddf,64.5,1760,809,80.3,65.5,35.5,3,5,6,1,13"
"525,Okay Yoku?lu\e49ce451,83.2,7663,2263,89.4,81.7,77.6,5,27,3,0,42"
"526,Wilfried Zaha\b2bc3b1f,75.8,8928,2221,81.5,81.7,60.9,27,29,36,5,72"
"527,Andre-Frank Zambo Anguissa\6bb2c084,84.9,20529,4894,87.5,90.0,68.2,27,134,23,5,114"
"528,Andi Zeqiri\d01231f0,46.5,308,84,61.1,53.8,12.5,1,2,1,1,4"
"529,Oleksandr Zinchenko\51cf8561,90.2,21806,6052,95.0,92.1,68.3,13,108,14,0,93"
"530,Hakim Ziyech\6622454d,74.7,9413,2551,86.1,83.5,44.7,34,47,32,6,70"
"531,Kurt Zouma\ce4246f5,91.9,34007,8862,95.4,95.1,79.6,2,96,3,0,66"
"532,Martin Ødegaard\79300479,86.4,7319,1776,95.7,88.4,58.8,21,34,18,1,48"
